"STATION","DATE","LATITUDE","LONGITUDE","ELEVATION","NAME","TEMP","TEMP_ATTRIBUTES","DEWP","DEWP_ATTRIBUTES","SLP","SLP_ATTRIBUTES","STP","STP_ATTRIBUTES","VISIB","VISIB_ATTRIBUTES","WDSP","WDSP_ATTRIBUTES","MXSPD","GUST","MAX","MAX_ATTRIBUTES","MIN","MIN_ATTRIBUTES","PRCP","PRCP_ATTRIBUTES","SNDP","FRSHTT"
"72565003017","2018-01-01","39.8328","-104.6575","1650.2","DENVER INTERNATIONAL AIRPORT, CO US","  11.6","24","   5.5","24","1030.9","24","839.1","24","  7.1","24","  5.0","24","  9.9","999.9","  28.0"," ","   3.0"," "," 0.00","G","999.9","001000"
"72565003017","2018-01-02","39.8328","-104.6575","1650.2","DENVER INTERNATIONAL AIRPORT, CO US","  21.2","24","   7.3","24","1029.4","24","839.0","24","  7.7","24","  5.6","24","  9.9","999.9","  43.0"," ","   3.0"," "," 0.00","G","999.9","000000"
"72565003017","2018-01-03","39.8328","-104.6575","1650.2","DENVER INTERNATIONAL AIRPORT, CO US","  31.8","24","   3.0","24","1026.7","24","839.3","24"," 10.0","24","  9.7","24"," 15.9"," 24.1","  53.1"," ","  10.9"," "," 0.00","G","999.9","000000"
"72565003017","2018-01-04","39.8328","-104.6575","1650.2","DENVER INTERNATIONAL AIRPORT, CO US","  34.6","24","  11.6","24","1022.0","24","836.5","24"," 10.0","24","  6.5","24","  8.9","999.9","  53.1"," ","  17.1"," "," 0.00","G","999.9","000000"
"72565003017","2018-01-05","39.8328","-104.6575","1650.2","DENVER INTERNATIONAL AIRPORT, CO US","  36.3","24","  11.4","24","1020.9","24","835.9","24"," 10.0","24","  6.7","24"," 14.0","999.9","  55.9"," ","  23.0"," "," 0.00","G","999.9","000000"
"72565003017","2018-01-06","39.8328","-104.6575","1650.2","DENVER INTERNATIONAL AIRPORT, CO US","  40.2","24","  18.1","24","1017.9","24","834.3","24"," 10.0","24","  5.1","24"," 11.1","999.9","  62.1"," ","  25.0"," "," 0.00","G","999.9","000000"
"72565003017","2018-01-07","39.8328","-104.6575","1650.2","DENVER INTERNATIONAL AIRPORT, CO US","  39.8","24","  25.2","24","1013.0","24","830.5","24","  9.8","24","  5.0","24"," 11.1","999.9","  62.1"," ","  26.1"," "," 0.01","G","999.9","011000"
"72565003017","2018-01-08","39.8328","-104.6575","1650.2","DENVER INTERNATIONAL AIRPORT, CO US","  33.2","24","  23.0","24","1017.6","24","832.9","24"," 10.0","24","  6.1","24"," 13.0","999.9","  48.9"," ","  24.1"," "," 0.00","I","999.9","000000"
"72565003017","2018-01-09","39.8328","-104.6575","1650.2","DENVER INTERNATIONAL AIRPORT, CO US","  48.2","24","  24.9","24","1009.2","24","828.0","24"," 10.0","24","  6.6","24"," 15.0","999.9","  68.0"," ","  24.1"," "," 0.00","G","999.9","000000"
"72565003017","2018-01-10","39.8328","-104.6575","1650.2","DENVER INTERNATIONAL AIRPORT, CO US","  49.3","24","  24.4","24"," 997.0","24","819.3","24"," 10.0","24","  9.8","24"," 17.1"," 27.0","  68.0"," ","  34.0"," "," 0.00","G","999.9","010000"
"72565003017","2018-01-11","39.8328","-104.6575","1650.2","DENVER INTERNATIONAL AIRPORT, CO US","  31.0","24","  18.9","24","1014.0","23","829.3","24","  9.9","24","  8.4","24"," 22.9"," 32.1","  57.0"," ","  21.0"," "," 0.17","G","999.9","011000"
"72565003017","2018-01-12","39.8328","-104.6575","1650.2","DENVER INTERNATIONAL AIRPORT, CO US","  35.3","24","  18.2","24","1017.1","24","832.4","24"," 10.0","24","  9.5","24"," 18.1"," 22.9","  46.0"," ","  21.0"," "," 0.00","G","999.9","011000"
"72565003017","2018-01-13","39.8328","-104.6575","1650.2","DENVER INTERNATIONAL AIRPORT, CO US","  31.2","24","  22.7","24","1025.9","22","839.5","24","  9.7","24","  5.8","24"," 14.0","999.9","  48.0"," ","  19.0"," "," 0.03","G","999.9","001000"
"72565003017","2018-01-14","39.8328","-104.6575","1650.2","DENVER INTERNATIONAL AIRPORT, CO US","  35.9","24","  20.7","24","1025.2","24","839.2","24"," 10.0","24","  7.0","24","  9.9","999.9","  55.9"," ","  19.0"," "," 0.00","G","999.9","000000"
"72565003017","2018-01-15","39.8328","-104.6575","1650.2","DENVER INTERNATIONAL AIRPORT, CO US","  24.8","24","  16.0","24","1027.4","16","840.8","24","  7.2","24","  9.0","24"," 25.1","999.9","  43.0","*","  15.1","*"," 0.00","G","999.9","011000"
"72565003017","2018-01-16","39.8328","-104.6575","1650.2","DENVER INTERNATIONAL AIRPORT, CO US","  10.3","24","  -4.1","24","1038.3","24","844.5","24"," 10.0","24","  6.3","24","  9.9","999.9","  34.0"," ","  -4.0"," "," 0.03","G","999.9","000000"
"72565003017","2018-01-17","39.8328","-104.6575","1650.2","DENVER INTERNATIONAL AIRPORT, CO US","  27.1","24","   7.5","24","1027.8","24","838.9","24"," 10.0","24","  4.7","24","  9.9","999.9","  50.0","*","  17.1","*"," 0.00","G","999.9","000000"
"72565003017","2018-01-18","39.8328","-104.6575","1650.2","DENVER INTERNATIONAL AIRPORT, CO US","  41.0","24","  10.5","24","1020.0","24","835.5","24"," 10.0","24","  9.1","24"," 15.9","999.9","  64.9"," ","  15.1"," "," 0.00","G","999.9","000000"
"72565003017","2018-01-19","39.8328","-104.6575","1650.2","DENVER INTERNATIONAL AIRPORT, CO US","  49.8","24","  14.5","24","1007.2","24","827.3","24"," 10.0","24","  9.4","24"," 15.9","999.9","  66.9"," ","  26.2"," "," 0.00","G","999.9","000000"
"72565003017","2018-01-20","39.8328","-104.6575","1650.2","DENVER INTERNATIONAL AIRPORT, CO US","  43.9","24","  18.7","24","1004.2","24","824.5","24"," 10.0","24","  9.0","24"," 14.0","999.9","  66.9"," ","  32.0"," "," 0.00","G","999.9","000000"
"72565003017","2018-01-21","39.8328","-104.6575","1650.2","DENVER INTERNATIONAL AIRPORT, CO US","  26.9","24","  23.4","24","1009.9","11","826.3","24","  3.5","24"," 11.6","24"," 24.1"," 32.1","  48.0"," ","  23.0"," "," 0.07","G","999.9","111000"
"72565003017","2018-01-22","39.8328","-104.6575","1650.2","DENVER INTERNATIONAL AIRPORT, CO US","  26.1","24","  11.1","24","1017.5","24","830.8","24","  9.1","24"," 11.4","24"," 27.0"," 32.1","  44.1"," ","   9.0"," "," 0.23","G","  1.2","001000"
"72565003017","2018-01-23","39.8328","-104.6575","1650.2","DENVER INTERNATIONAL AIRPORT, CO US","  29.1","24","   9.3","24","1022.4","24","835.7","24"," 10.0","24","  5.8","24"," 11.1","999.9","  44.1"," ","   9.0"," "," 0.00","G","  3.9","000000"
"72565003017","2018-01-24","39.8328","-104.6575","1650.2","DENVER INTERNATIONAL AIRPORT, CO US","  29.5","24","  12.6","24","1024.4","24","837.0","24"," 10.0","24"," 11.3","24"," 15.9","999.9","  46.9"," ","  14.0"," "," 0.00","G","  3.1","000000"
"72565003017","2018-01-25","39.8328","-104.6575","1650.2","DENVER INTERNATIONAL AIRPORT, CO US","  42.4","24","  15.2","24","1013.5","24","830.8","24"," 10.0","24"," 14.0","24"," 25.1"," 33.0","  54.0","*","  34.0","*"," 0.00","G","  3.1","000000"
"72565003017","2018-01-26","39.8328","-104.6575","1650.2","DENVER INTERNATIONAL AIRPORT, CO US","  35.9","24","  12.5","24","1008.6","24","826.5","24"," 10.0","24"," 10.7","24"," 25.1"," 33.0","  54.0"," ","  25.0"," "," 0.00","G","  2.0","000000"
"72565003017","2018-01-27","39.8328","-104.6575","1650.2","DENVER INTERNATIONAL AIRPORT, CO US","  30.1","24","   4.3","24","1023.9","24","837.2","24"," 10.0","24","  8.4","24"," 15.9","999.9","  45.0"," ","  16.0"," "," 0.00","G","999.9","000000"
"72565003017","2018-01-28","39.8328","-104.6575","1650.2","DENVER INTERNATIONAL AIRPORT, CO US","  35.2","24","  14.1","24","1025.4","24","839.0","24"," 10.0","24","  7.7","24"," 15.9"," 22.9","  52.0"," ","  16.0"," "," 0.00","G","999.9","000000"
"72565003017","2018-01-29","39.8328","-104.6575","1650.2","DENVER INTERNATIONAL AIRPORT, CO US","  34.7","24","  20.9","24","1030.2","24","843.3","24"," 10.0","24","  6.3","24"," 12.0","999.9","  57.9"," ","  19.0"," "," 0.00","G","999.9","000000"
"72565003017","2018-01-30","39.8328","-104.6575","1650.2","DENVER INTERNATIONAL AIRPORT, CO US","  47.2","24","  14.3","24","1016.2","24","834.0","24"," 10.0","24"," 10.6","24"," 26.0"," 41.0","  63.0"," ","  21.9"," "," 0.00","G","999.9","000000"
"72565003017","2018-01-31","39.8328","-104.6575","1650.2","DENVER INTERNATIONAL AIRPORT, CO US","  43.2","24","  18.5","24","1007.5","24","827.3","24"," 10.0","24","  9.2","24"," 25.1"," 36.9","  63.0"," ","  24.1"," "," 0.00","G","999.9","000000"
"72565003017","2018-02-01","39.8328","-104.6575","1650.2","DENVER INTERNATIONAL AIRPORT, CO US","  27.5","24","  20.5","24","1020.2","17","834.6","24","  8.4","24","  7.8","24"," 12.0","999.9","  36.0","*","  24.1","*"," 0.01","G","999.9","001000"
"72565003017","2018-02-02","39.8328","-104.6575","1650.2","DENVER INTERNATIONAL AIRPORT, CO US","  31.3","24","  22.2","24","1021.5","16","836.0","24","  5.8","24","  5.9","24"," 14.0","999.9","  60.1"," ","  18.0"," "," 0.01","G","999.9","101000"
"72565003017","2018-02-03","39.8328","-104.6575","1650.2","DENVER INTERNATIONAL AIRPORT, CO US","  43.0","24","  23.9","24","1010.9","24","828.8","24","  9.7","24"," 10.1","24"," 22.9"," 36.9","  60.1"," ","  18.0"," "," 0.00","G","999.9","000000"
"72565003017","2018-02-04","39.8328","-104.6575","1650.2","DENVER INTERNATIONAL AIRPORT, CO US","  29.3","24","  18.5","24","1012.6","18","831.3","24","  7.3","24","  9.5","24"," 22.0"," 28.9","  57.9"," ","  10.0"," "," 0.00","G","999.9","111000"
"72565003017","2018-02-05","39.8328","-104.6575","1650.2","DENVER INTERNATIONAL AIRPORT, CO US","  36.8","24","  23.1","24","1011.9","24","827.5","24","  9.9","24"," 10.4","24"," 21.0"," 39.0","  55.9"," ","  10.0"," "," 0.00","G","999.9","000000"
"72565003017","2018-02-06","39.8328","-104.6575","1650.2","DENVER INTERNATIONAL AIRPORT, CO US","  27.5","24","  19.8","24","1015.6","21","830.6","24","  6.7","24","  7.6","24"," 17.1"," 22.0","  55.9"," ","  21.0"," "," 0.00","G","999.9","001000"
"72565003017","2018-02-07","39.8328","-104.6575","1650.2","DENVER INTERNATIONAL AIRPORT, CO US","  33.1","24","  19.6","24","1022.0","24","835.9","24","  9.1","24","  7.6","24"," 11.1","999.9","  53.1"," ","  16.0"," "," 0.00","G","999.9","100000"
"72565003017","2018-02-08","39.8328","-104.6575","1650.2","DENVER INTERNATIONAL AIRPORT, CO US","  46.8","24","  20.1","24","1019.2","24","836.2","24"," 10.0","24"," 11.8","24"," 22.9"," 33.0","  60.1","*","  36.0","*"," 0.00","G","999.9","000000"
"72565003017","2018-02-09","39.8328","-104.6575","1650.2","DENVER INTERNATIONAL AIRPORT, CO US","  36.2","24","  20.9","24","1012.5","22","830.6","24","  5.1","24"," 10.0","24"," 25.1"," 33.0","  61.0"," ","  19.0"," "," 0.00","G","999.9","111000"
"72565003017","2018-02-10","39.8328","-104.6575","1650.2","DENVER INTERNATIONAL AIRPORT, CO US","  15.2","24","  11.8","24","1017.7","17","829.7","24","  0.7","24","  7.6","24"," 18.1","999.9","  19.0","*","  10.0","*"," 0.00","G","999.9","101000"
"72565003017","2018-02-11","39.8328","-104.6575","1650.2","DENVER INTERNATIONAL AIRPORT, CO US","  18.2","24","   9.5","24","1019.2","24","830.0","24","  9.8","24","  9.6","24"," 15.0","999.9","  43.0"," ","   0.0"," "," 0.14","G","999.9","000000"
"72565003017","2018-02-12","39.8328","-104.6575","1650.2","DENVER INTERNATIONAL AIRPORT, CO US","  20.7","24","  15.4","24","1017.5","19","830.5","24","  6.5","24","  7.1","24"," 14.0","999.9","  43.0"," ","   0.0"," "," 0.00","G","  2.0","001000"
"72565003017","2018-02-13","39.8328","-104.6575","1650.2","DENVER INTERNATIONAL AIRPORT, CO US","  30.9","24","  18.5","24","1020.4","21","833.4","24","  8.0","24","  6.9","24"," 13.0"," 18.1","  57.9"," ","  14.0"," "," 0.00","G","999.9","001000"
"72565003017","2018-02-14","39.8328","-104.6575","1650.2","DENVER INTERNATIONAL AIRPORT, CO US","  45.9","24","  19.4","24","1013.0","24","831.1","24"," 10.0","24","  8.7","24"," 24.1"," 33.0","  66.0","*","  35.1","*"," 0.00","G","999.9","000000"
"72565003017","2018-02-15","39.8328","-104.6575","1650.2","DENVER INTERNATIONAL AIRPORT, CO US","  43.0","24","  22.4","24","1007.2","24","826.9","24"," 10.0","24"," 10.1","24"," 19.0"," 26.0","  66.0"," ","  25.0"," "," 0.00","G","999.9","000000"
"72565003017","2018-02-16","39.8328","-104.6575","1650.2","DENVER INTERNATIONAL AIRPORT, CO US","  24.8","24","  16.0","24","1021.7","20","835.7","24","  8.5","24","  9.2","24"," 19.0"," 28.9","  48.0"," ","   7.0"," "," 0.02","G","999.9","001000"
"72565003017","2018-02-17","39.8328","-104.6575","1650.2","DENVER INTERNATIONAL AIRPORT, CO US","  38.1","24","  13.2","24","1013.4","24","829.6","24"," 10.0","24","  9.5","24"," 22.9"," 33.0","  55.0","*","  28.0","*"," 0.00","G","999.9","000000"
"72565003017","2018-02-18","39.8328","-104.6575","1650.2","DENVER INTERNATIONAL AIRPORT, CO US","  48.8","24","  11.9","24","1000.6","24","821.1","24"," 10.0","24"," 11.7","24"," 17.1","999.9","  69.1"," ","  24.1"," "," 0.00","G","999.9","000000"
"72565003017","2018-02-19","39.8328","-104.6575","1650.2","DENVER INTERNATIONAL AIRPORT, CO US","  20.6","24","  12.4","24","1002.3","17","820.3","24","  3.4","24"," 10.1","24"," 22.0"," 28.0","9999.9"," ","  10.0","*"," 0.00","G","999.9","101000"
"72565003017","2018-02-20","39.8328","-104.6575","1650.2","DENVER INTERNATIONAL AIRPORT, CO US","   5.0","24","  -0.4","24","1020.0","15","826.4","24","  6.6","24","  7.5","24"," 14.0","999.9","  23.0"," ","  -2.9"," "," 0.11","G","999.9","101000"
"72565003017","2018-02-21","39.8328","-104.6575","1650.2","DENVER INTERNATIONAL AIRPORT, CO US","   8.7","24","   3.1","24","1028.2","22","835.7","24","  8.9","24","  5.8","24"," 12.0","999.9","  21.9"," ","  -7.1"," "," 0.00","G","  2.0","001000"
"72565003017","2018-02-22","39.8328","-104.6575","1650.2","DENVER INTERNATIONAL AIRPORT, CO US","  16.3","24","   9.7","24","1021.8","24","832.1","24","  6.1","24","  5.5","24"," 11.1","999.9","  25.0","*","   8.1","*"," 0.00","G","  1.2","001000"
"72565003017","2018-02-23","39.8328","-104.6575","1650.2","DENVER INTERNATIONAL AIRPORT, CO US","  20.8","24","  16.8","24","1019.5","13","831.8","24","  3.1","24","  6.2","24"," 17.1"," 20.0","  35.1"," ","   8.1"," "," 0.02","G","  1.2","101000"
"72565003017","2018-02-24","39.8328","-104.6575","1650.2","DENVER INTERNATIONAL AIRPORT, CO US","  26.9","24","  13.9","24","1010.6","17","826.1","24","  5.8","24"," 12.7","24"," 27.0"," 38.1","  36.0"," ","   8.1"," "," 0.00","G","  1.2","100000"
"72565003017","2018-02-25","39.8328","-104.6575","1650.2","DENVER INTERNATIONAL AIRPORT, CO US","  27.5","24","   2.6","24","1012.5","24","827.2","24"," 10.0","24"," 11.2","24"," 20.0"," 31.1","  41.0"," ","  15.1"," "," 0.00","G","999.9","000000"
"72565003017","2018-02-26","39.8328","-104.6575","1650.2","DENVER INTERNATIONAL AIRPORT, CO US","  34.7","24","   4.3","24","1013.4","24","829.1","24"," 10.0","24","  7.7","24"," 14.0","999.9","  57.0"," ","  15.1"," "," 0.00","G","999.9","000000"
"72565003017","2018-02-27","39.8328","-104.6575","1650.2","DENVER INTERNATIONAL AIRPORT, CO US","  38.2","24","  10.6","24","1009.4","24","827.0","24"," 10.0","24","  6.1","24"," 13.0","999.9","  57.0"," ","  18.0"," "," 0.00","G","999.9","000000"
"72565003017","2018-02-28","39.8328","-104.6575","1650.2","DENVER INTERNATIONAL AIRPORT, CO US","  36.8","24","  13.4","24","1008.8","24","826.4","24"," 10.0","24","  6.9","24"," 14.0"," 17.1","  55.9"," ","  21.0"," "," 0.00","G","999.9","000000"
"72565003017","2018-03-01","39.8328","-104.6575","1650.2","DENVER INTERNATIONAL AIRPORT, CO US","  33.6","24","  16.1","24","1017.1","24","832.3","24"," 10.0","24","  8.2","24"," 21.0"," 27.0","  59.0"," ","  18.0"," "," 0.00","G","999.9","000000"
"72565003017","2018-03-02","39.8328","-104.6575","1650.2","DENVER INTERNATIONAL AIRPORT, CO US","  45.6","24","  15.1","24","1011.1","24","829.3","24"," 10.0","24"," 11.9","24"," 21.0"," 28.0","  70.0"," ","  18.0"," "," 0.00","G","999.9","000000"
"72565003017","2018-03-03","39.8328","-104.6575","1650.2","DENVER INTERNATIONAL AIRPORT, CO US","  54.8","24","  10.6","24","1006.2","23","827.5","24"," 10.0","24"," 10.0","24"," 19.0"," 28.0","  71.1","*","  45.0","*"," 0.00","G","999.9","000000"
"72565003017","2018-03-04","39.8328","-104.6575","1650.2","DENVER INTERNATIONAL AIRPORT, CO US","  55.1","24","   5.4","24"," 999.5","24","822.1","24"," 10.0","24"," 16.2","24"," 28.0"," 38.1","  71.1"," ","  35.1"," "," 0.00","G","999.9","000000"
"72565003017","2018-03-05","39.8328","-104.6575","1650.2","DENVER INTERNATIONAL AIRPORT, CO US","  35.2","24","   3.2","24","1010.8","24","828.8","24"," 10.0","24"," 20.5","24"," 32.1"," 52.1","  53.1","*","  26.1","*"," 0.00","G","999.9","000000"
"72565003017","2018-03-06","39.8328","-104.6575","1650.2","DENVER INTERNATIONAL AIRPORT, CO US","  31.8","24","   1.6","24","1021.5","23","835.4","24"," 10.0","24","  9.0","24"," 32.1"," 35.9","  46.0"," ","  17.1"," "," 0.00","G","999.9","000000"
"72565003017","2018-03-07","39.8328","-104.6575","1650.2","DENVER INTERNATIONAL AIRPORT, CO US","  30.1","24","   6.8","24","1023.6","24","836.9","24"," 10.0","24","  8.1","24"," 13.0"," 21.0","  51.1"," ","  12.9"," "," 0.00","G","999.9","000000"
"72565003017","2018-03-08","39.8328","-104.6575","1650.2","DENVER INTERNATIONAL AIRPORT, CO US","  40.3","24","   5.9","24","1016.2","24","832.4","24"," 10.0","24","  7.7","24"," 14.0","999.9","  64.0"," ","  12.9"," "," 0.00","G","999.9","000000"
"72565003017","2018-03-09","39.8328","-104.6575","1650.2","DENVER INTERNATIONAL AIRPORT, CO US","  52.1","24","  13.8","24","1007.0","24","827.4","24"," 10.0","24","  8.8","24"," 24.1"," 34.0","  64.9"," ","  24.1"," "," 0.00","G","999.9","000000"
"72565003017","2018-03-10","39.8328","-104.6575","1650.2","DENVER INTERNATIONAL AIRPORT, CO US","  47.3","24","  17.8","24","1008.3","24","828.3","24"," 10.0","24"," 11.8","24"," 24.1"," 34.0","  64.9"," ","  30.9"," "," 0.00","G","999.9","000000"
"72565003017","2018-03-11","39.8328","-104.6575","1650.2","DENVER INTERNATIONAL AIRPORT, CO US","  32.9","24","  13.8","24","1024.2","24","838.6","24"," 10.0","24","  6.2","24"," 21.0","999.9","  52.0"," ","  16.0"," "," 0.00","G","999.9","000000"
"72565003017","2018-03-12","39.8328","-104.6575","1650.2","DENVER INTERNATIONAL AIRPORT, CO US","  35.8","24","   7.8","24","1022.8","23","838.4","24"," 10.0","24","  8.0","24"," 15.9"," 21.0","  57.0"," ","  16.0"," "," 0.00","G","999.9","000000"
"72565003017","2018-03-13","39.8328","-104.6575","1650.2","DENVER INTERNATIONAL AIRPORT, CO US","  40.5","24","  18.3","24","1022.8","24","838.5","24"," 10.0","24","  7.7","24"," 13.0"," 24.1","  57.9"," ","  23.0"," "," 0.00","G","999.9","000000"
"72565003017","2018-03-14","39.8328","-104.6575","1650.2","DENVER INTERNATIONAL AIRPORT, CO US","  46.9","24","  20.6","24","1014.9","24","832.8","24"," 10.0","24","  8.7","24"," 20.0"," 28.0","  66.9"," ","  26.1"," "," 0.00","G","999.9","000000"
"72565003017","2018-03-15","39.8328","-104.6575","1650.2","DENVER INTERNATIONAL AIRPORT, CO US","  51.2","24","  20.9","24","1000.1","24","821.8","24"," 10.0","24","  8.5","24"," 22.9"," 35.0","  66.9"," ","  30.0"," "," 0.00","G","999.9","010000"
"72565003017","2018-03-16","39.8328","-104.6575","1650.2","DENVER INTERNATIONAL AIRPORT, CO US","  42.5","24","  28.4","24","1001.4","20","821.0","24","  9.5","24"," 13.1","24"," 29.9"," 40.0","  66.9"," ","  30.9"," "," 0.04","G","999.9","010000"
"72565003017","2018-03-17","39.8328","-104.6575","1650.2","DENVER INTERNATIONAL AIRPORT, CO US","  42.0","24","  15.8","24","1009.2","24","827.5","24"," 10.0","24"," 11.6","24"," 21.0"," 28.0","  64.0"," ","  25.0"," "," 0.00","G","999.9","000000"
"72565003017","2018-03-18","39.8328","-104.6575","1650.2","DENVER INTERNATIONAL AIRPORT, CO US","  44.5","24","  21.2","24","1002.6","24","823.1","24"," 10.0","24","  9.0","24"," 25.1"," 33.0","  64.0"," ","  25.0"," "," 0.00","G","999.9","010000"
"72565003017","2018-03-19","39.8328","-104.6575","1650.2","DENVER INTERNATIONAL AIRPORT, CO US","  35.1","24","  26.2","24","1012.8","24","829.2","24","  7.4","24"," 14.0","24"," 24.1"," 32.1","  52.0"," ","  28.0"," "," 0.33","G","999.9","011000"
"72565003017","2018-03-20","39.8328","-104.6575","1650.2","DENVER INTERNATIONAL AIRPORT, CO US","  36.4","24","  19.5","24","1016.2","24","832.1","24"," 10.0","24","  9.2","24"," 19.0"," 28.9","  52.0"," ","  25.0"," "," 0.00","G","  1.2","000000"
"72565003017","2018-03-21","39.8328","-104.6575","1650.2","DENVER INTERNATIONAL AIRPORT, CO US","  43.0","24","  18.8","24","1014.5","24","831.8","24"," 10.0","24","  7.3","24"," 18.1","999.9","  62.1"," ","  25.0"," "," 0.00","G","999.9","000000"
"72565003017","2018-03-22","39.8328","-104.6575","1650.2","DENVER INTERNATIONAL AIRPORT, CO US","  53.8","24","  24.7","24","1014.0","24","833.3","24"," 10.0","24","  7.2","24"," 13.0"," 20.0","  73.0"," ","  26.1"," "," 0.00","G","999.9","000000"
"72565003017","2018-03-23","39.8328","-104.6575","1650.2","DENVER INTERNATIONAL AIRPORT, CO US","  60.0","24","  31.4","24","1004.5","24","827.1","24"," 10.0","24"," 11.9","24"," 28.9"," 48.0","  70.0","*","  51.1","*"," 0.00","G","999.9","010000"
"72565003017","2018-03-24","39.8328","-104.6575","1650.2","DENVER INTERNATIONAL AIRPORT, CO US","  49.9","24","  27.5","24","1009.1","20","830.1","24","  9.7","24"," 10.0","24"," 24.1"," 36.9","  72.0"," ","  30.0"," "," 0.00","G","999.9","000000"
"72565003017","2018-03-25","39.8328","-104.6575","1650.2","DENVER INTERNATIONAL AIRPORT, CO US","  50.5","24","  26.7","24","1003.2","24","824.4","24"," 10.0","24"," 11.3","24"," 24.1"," 34.0","  68.0"," ","  30.0"," "," 0.00","G","999.9","000000"
"72565003017","2018-03-26","39.8328","-104.6575","1650.2","DENVER INTERNATIONAL AIRPORT, CO US","  42.6","24","  31.4","24","1007.0","20","826.4","24","  8.3","24","  8.2","24"," 22.9"," 34.0","  66.0"," ","  30.9"," "," 0.00","G","999.9","010000"
"72565003017","2018-03-27","39.8328","-104.6575","1650.2","DENVER INTERNATIONAL AIRPORT, CO US","  34.5","24","  28.8","24","1018.4","18","834.4","24","  6.8","24","  9.3","24"," 20.0"," 28.0","  55.0"," ","  24.1"," "," 0.32","G","999.9","011000"
"72565003017","2018-03-28","39.8328","-104.6575","1650.2","DENVER INTERNATIONAL AIRPORT, CO US","  38.4","24","  28.2","24","1012.5","22","829.2","24","  9.6","24","  9.9","24"," 21.0","999.9","  46.9"," ","  24.1"," "," 0.05","G","  1.2","111000"
"72565003017","2018-03-29","39.8328","-104.6575","1650.2","DENVER INTERNATIONAL AIRPORT, CO US","  34.2","24","  28.5","24","1016.2","18","832.2","24","  6.1","24","  8.5","24"," 24.1"," 34.0","  46.9"," ","  24.1"," "," 0.31","G","999.9","111000"
"72565003017","2018-03-30","39.8328","-104.6575","1650.2","DENVER INTERNATIONAL AIRPORT, CO US","  39.3","24","  26.2","24","1018.6","24","834.6","24","  9.6","24","  7.1","24"," 18.1","999.9","  63.0"," ","  24.1"," "," 0.02","G","  1.2","001000"
"72565003017","2018-03-31","39.8328","-104.6575","1650.2","DENVER INTERNATIONAL AIRPORT, CO US","  46.1","24","  26.9","24","1013.9","24","832.4","24"," 10.0","24","  9.5","24"," 25.1"," 34.0","  63.0"," ","  25.0"," "," 0.00","G","999.9","000000"
"72565003017","2018-04-01","39.8328","-104.6575","1650.2","DENVER INTERNATIONAL AIRPORT, CO US","  33.2","24","  22.5","24","1016.5","20","832.7","24"," 10.0","24"," 10.6","24"," 25.1"," 26.0","  59.0"," ","  23.0"," "," 0.00","G","999.9","000000"
"72565003017","2018-04-02","39.8328","-104.6575","1650.2","DENVER INTERNATIONAL AIRPORT, CO US","  50.1","24","  24.0","24"," 999.5","24","820.3","24"," 10.0","24","  6.5","24"," 17.1","999.9","  73.9"," ","  23.0"," "," 0.00","G","999.9","000000"
"72565003017","2018-04-03","39.8328","-104.6575","1650.2","DENVER INTERNATIONAL AIRPORT, CO US","  43.6","24","  12.2","24","1006.8","23","826.1","24"," 10.0","24"," 13.4","24"," 22.9"," 34.0","  69.1","*","  28.0","*"," 0.00","G","999.9","011000"
"72565003017","2018-04-04","39.8328","-104.6575","1650.2","DENVER INTERNATIONAL AIRPORT, CO US","  40.2","24","   8.2","24","1015.5","24","832.0","24"," 10.0","24","  7.8","24"," 15.0","999.9","  61.0","*","  24.1","*"," 0.00","G","999.9","000000"
"72565003017","2018-04-05","39.8328","-104.6575","1650.2","DENVER INTERNATIONAL AIRPORT, CO US","  51.8","24","  20.1","24","1011.4","24","830.9","24"," 10.0","24","  7.9","24"," 14.0"," 22.0","  64.9"," ","  24.1"," "," 0.00","G","999.9","000000"
"72565003017","2018-04-06","39.8328","-104.6575","1650.2","DENVER INTERNATIONAL AIRPORT, CO US","  38.4","24","  25.9","24","1011.3","18","831.4","24","  8.0","24"," 11.3","24"," 22.9"," 27.0","  64.9"," ","  21.9"," "," 0.00","G","999.9","111000"
"72565003017","2018-04-07","39.8328","-104.6575","1650.2","DENVER INTERNATIONAL AIRPORT, CO US","  31.0","24","  23.9","24","1015.4","20","830.9","24","  8.6","24","  8.1","24"," 14.0"," 17.1","  57.9"," ","  21.0"," "," 0.05","G","999.9","001000"
"72565003017","2018-04-08","39.8328","-104.6575","1650.2","DENVER INTERNATIONAL AIRPORT, CO US","  53.3","24","  30.9","24","1001.6","24","822.7","24"," 10.0","24"," 12.3","24"," 24.1"," 35.0","  63.0","*","  39.0","*"," 0.03","G","999.9","010000"
"72565003017","2018-04-09","39.8328","-104.6575","1650.2","DENVER INTERNATIONAL AIRPORT, CO US","  45.0","24","  29.8","24","1015.3","22","833.7","24","  9.5","24","  9.1","24"," 25.1"," 35.9","  64.0"," ","  33.1"," "," 0.05","G","999.9","011000"
"72565003017","2018-04-10","39.8328","-104.6575","1650.2","DENVER INTERNATIONAL AIRPORT, CO US","  50.3","24","  25.2","24","1019.9","24","837.3","24"," 10.0","24","  9.5","24"," 18.1"," 26.0","  71.1"," ","  32.0"," "," 0.06","G","999.9","000000"
"72565003017","2018-04-11","39.8328","-104.6575","1650.2","DENVER INTERNATIONAL AIRPORT, CO US","  63.5","24","  21.2","24","1007.0","24","829.4","24"," 10.0","24"," 11.6","24"," 20.0"," 31.1","  78.1","*","  48.9","*"," 0.00","G","999.9","000000"
"72565003017","2018-04-12","39.8328","-104.6575","1650.2","DENVER INTERNATIONAL AIRPORT, CO US","  58.2","24","  26.0","24"," 996.9","24","821.0","24"," 10.0","24"," 10.0","24"," 20.0"," 28.9","  79.0"," ","  43.0"," "," 0.00","G","999.9","000000"
"72565003017","2018-04-13","39.8328","-104.6575","1650.2","DENVER INTERNATIONAL AIRPORT, CO US","  44.2","24","  24.2","24"," 999.5","17","821.0","24","  9.1","24"," 20.8","24"," 39.0"," 49.0","  72.0","*","  33.1","*"," 0.10","G","999.9","011010"
"72565003017","2018-04-14","39.8328","-104.6575","1650.2","DENVER INTERNATIONAL AIRPORT, CO US","  38.5","24","  18.7","24","1018.3","24","834.1","24"," 10.0","24"," 23.2","24"," 29.9"," 42.0","  55.9"," ","  28.9"," "," 0.05","G","999.9","000000"
"72565003017","2018-04-15","39.8328","-104.6575","1650.2","DENVER INTERNATIONAL AIRPORT, CO US","  42.6","24","  23.9","24","1018.9","24","835.5","24"," 10.0","24","  6.3","24"," 15.0","999.9","  61.0"," ","  26.1"," "," 0.00","G","999.9","000000"
"72565003017","2018-04-16","39.8328","-104.6575","1650.2","DENVER INTERNATIONAL AIRPORT, CO US","  50.1","24","  28.5","24","1010.7","24","830.1","24"," 10.0","24","  7.4","24"," 15.0"," 19.0","  73.0"," ","  26.1"," "," 0.00","G","999.9","000000"
"72565003017","2018-04-17","39.8328","-104.6575","1650.2","DENVER INTERNATIONAL AIRPORT, CO US","  61.9","24","  18.9","24"," 997.5","23","821.2","24","  9.2","24"," 20.0","24"," 38.1"," 58.1","  72.0","*","  50.0","*"," 0.00","G","999.9","000000"
"72565003017","2018-04-18","39.8328","-104.6575","1650.2","DENVER INTERNATIONAL AIRPORT, CO US","  41.9","24","  14.0","24","1018.3","23","835.5","24","  9.8","24"," 10.9","24"," 29.9"," 35.0","  55.9","*","  32.0","*"," 0.00","G","999.9","000000"
"72565003017","2018-04-19","39.8328","-104.6575","1650.2","DENVER INTERNATIONAL AIRPORT, CO US","  44.7","24","  14.6","24","1021.0","24","837.6","24"," 10.0","24"," 13.7","24"," 28.0"," 38.1","  69.1"," ","  25.0"," "," 0.00","G","999.9","000000"
"72565003017","2018-04-20","39.8328","-104.6575","1650.2","DENVER INTERNATIONAL AIRPORT, CO US","  50.9","24","  23.7","24","1009.3","24","829.6","24","  9.8","24"," 17.2","24"," 28.0"," 39.0","  69.1"," ","  27.0"," "," 0.00","G","999.9","010000"
"72565003017","2018-04-21","39.8328","-104.6575","1650.2","DENVER INTERNATIONAL AIRPORT, CO US","  34.8","24","  32.6","24","1020.1","15","834.9","24","  4.6","24","  9.0","24"," 21.0"," 28.0","  39.0","*","  32.0","*"," 0.32","G","999.9","011000"
"72565003017","2018-04-22","39.8328","-104.6575","1650.2","DENVER INTERNATIONAL AIRPORT, CO US","  43.1","24","  33.0","24","1020.7","24","836.4","24","  9.6","24","  6.1","24","  9.9"," 19.0","  64.9"," ","  30.9"," "," 0.15","G","  1.2","110000"
"72565003017","2018-04-23","39.8328","-104.6575","1650.2","DENVER INTERNATIONAL AIRPORT, CO US","  51.9","24","  36.3","24","1015.1","24","834.1","24","  9.7","24","  5.6","24","  9.9","999.9","  73.0"," ","  30.9"," "," 0.00","G","999.9","000000"
"72565003017","2018-04-24","39.8328","-104.6575","1650.2","DENVER INTERNATIONAL AIRPORT, CO US","  41.2","24","  32.6","24","1024.2","14","840.5","24","  8.3","24"," 12.4","24"," 28.0"," 47.0","  70.0","*","  32.0","*"," 0.07","G","999.9","011010"
"72565003017","2018-04-25","39.8328","-104.6575","1650.2","DENVER INTERNATIONAL AIRPORT, CO US","  42.9","24","  26.2","24","1026.4","24","841.3","24"," 10.0","24","  4.3","24","  9.9","999.9","  66.0"," ","  30.9"," "," 0.03","G","999.9","000000"
"72565003017","2018-04-26","39.8328","-104.6575","1650.2","DENVER INTERNATIONAL AIRPORT, CO US","  51.8","24","  26.1","24","1017.2","24","836.0","24"," 10.0","24"," 13.6","24"," 21.0"," 29.9","  66.0"," ","  30.9"," "," 0.00","G","999.9","000000"
"72565003017","2018-04-27","39.8328","-104.6575","1650.2","DENVER INTERNATIONAL AIRPORT, CO US","  51.9","24","  25.4","24","1018.7","24","836.9","24"," 10.0","24","  8.0","24"," 12.0"," 15.0","  73.0"," ","  34.0"," "," 0.00","G","999.9","000000"
"72565003017","2018-04-28","39.8328","-104.6575","1650.2","DENVER INTERNATIONAL AIRPORT, CO US","  58.5","24","  29.0","24","1011.1","24","832.2","24"," 10.0","24","  9.6","24"," 22.9"," 34.0","  80.1"," ","  34.0"," "," 0.00","G","999.9","000000"
"72565003017","2018-04-29","39.8328","-104.6575","1650.2","DENVER INTERNATIONAL AIRPORT, CO US","  66.5","24","  31.5","24","1002.3","24","826.2","24"," 10.0","24"," 13.5","24"," 22.9"," 31.1","  82.9"," ","  42.1"," "," 0.00","G","999.9","000000"
"72565003017","2018-04-30","39.8328","-104.6575","1650.2","DENVER INTERNATIONAL AIRPORT, CO US","  61.7","24","  28.8","24"," 998.3","24","822.8","24"," 10.0","24","  8.4","24"," 33.0"," 45.1","  82.9"," ","  46.0"," "," 0.00","G","999.9","000000"
"72565003017","2018-05-01","39.8328","-104.6575","1650.2","DENVER INTERNATIONAL AIRPORT, CO US","  54.7","24","  40.2","24","1003.2","19","825.4","24"," 10.0","24"," 10.0","24"," 22.0"," 36.9","  73.0"," ","  46.0"," "," 0.00","G","999.9","010010"
"72565003017","2018-05-02","39.8328","-104.6575","1650.2","DENVER INTERNATIONAL AIRPORT, CO US","  46.9","24","  40.5","24","1009.6","18","829.7","24","  8.9","24","  8.8","24"," 21.0"," 28.9","  69.1"," ","  39.9"," "," 0.00","G","999.9","010010"
"72565003017","2018-05-03","39.8328","-104.6575","1650.2","DENVER INTERNATIONAL AIRPORT, CO US","  43.9","24","  41.2","24","1011.3","16","830.1","24","  5.7","24"," 13.0","24"," 24.1"," 31.1","  52.0"," ","  39.9"," "," 0.64","G","999.9","010010"
"72565003017","2018-05-04","39.8328","-104.6575","1650.2","DENVER INTERNATIONAL AIRPORT, CO US","  50.7","24","  36.8","24","1022.4","24","839.5","24"," 10.0","24","  7.9","24"," 12.0","999.9","  69.1"," ","  39.9"," "," 0.30","G","999.9","000000"
"72565003017","2018-05-05","39.8328","-104.6575","1650.2","DENVER INTERNATIONAL AIRPORT, CO US","  59.7","24","  32.8","24","1019.6","24","839.1","24"," 10.0","24","  9.2","24"," 15.9"," 19.0","  75.0"," ","  41.0"," "," 0.00","G","999.9","000000"
"72565003017","2018-05-06","39.8328","-104.6575","1650.2","DENVER INTERNATIONAL AIRPORT, CO US","  63.0","24","  38.1","24","1018.0","24","838.7","24"," 10.0","24","  6.8","24"," 13.0"," 15.0","  80.1"," ","  46.9"," "," 0.00","G","999.9","000000"
"72565003017","2018-05-07","39.8328","-104.6575","1650.2","DENVER INTERNATIONAL AIRPORT, CO US","  64.9","24","  37.2","24","1014.9","24","836.5","24"," 10.0","24","  7.8","24"," 15.9"," 19.0","  80.1"," ","  46.9"," "," 0.00","G","999.9","000000"
"72565003017","2018-05-08","39.8328","-104.6575","1650.2","DENVER INTERNATIONAL AIRPORT, CO US","  65.7","24","  35.8","24","1012.1","24","834.5","24"," 10.0","24","  6.2","24"," 12.0"," 21.0","  80.1"," ","  48.9"," "," 0.00","G","999.9","000000"
"72565003017","2018-05-09","39.8328","-104.6575","1650.2","DENVER INTERNATIONAL AIRPORT, CO US","  62.7","24","  38.9","24","1012.3","24","834.0","24"," 10.0","24","  6.2","24"," 11.1","999.9","  80.1"," ","  46.0"," "," 0.00","G","999.9","000000"
"72565003017","2018-05-10","39.8328","-104.6575","1650.2","DENVER INTERNATIONAL AIRPORT, CO US","  67.5","24","  39.0","24","1006.4","24","829.7","24"," 10.0","24","  7.9","24"," 15.9"," 26.0","  90.0"," ","  46.0"," "," 0.00","G","999.9","000000"
"72565003017","2018-05-11","39.8328","-104.6575","1650.2","DENVER INTERNATIONAL AIRPORT, CO US","  62.3","24","  46.2","24","1002.5","24","826.3","24","  9.6","24"," 10.4","24"," 22.9"," 33.0","  90.0"," ","  44.1"," "," 0.00","G","999.9","000000"
"72565003017","2018-05-12","39.8328","-104.6575","1650.2","DENVER INTERNATIONAL AIRPORT, CO US","  54.8","24","  50.4","24","1008.0","17","829.6","24","  4.6","24"," 10.9","24"," 20.0"," 28.0","  80.1"," ","  44.1"," "," 0.01","G","999.9","100000"
"72565003017","2018-05-13","39.8328","-104.6575","1650.2","DENVER INTERNATIONAL AIRPORT, CO US","  53.0","24","  49.1","24","1012.1","16","832.3","24","  5.7","24","  9.3","24"," 15.9","999.9","  66.0"," ","  48.9"," "," 0.00","G","999.9","100000"
"72565003017","2018-05-14","39.8328","-104.6575","1650.2","DENVER INTERNATIONAL AIRPORT, CO US","  55.2","24","  48.3","24","1013.0","13","833.8","24","  7.2","24","  6.6","24"," 15.0"," 20.0","  64.0","*","  48.2","*"," 0.66","G","999.9","111110"
"72565003017","2018-05-15","39.8328","-104.6575","1650.2","DENVER INTERNATIONAL AIRPORT, CO US","  58.6","24","  43.4","24","1015.4","24","835.6","24"," 10.0","24","  5.8","24"," 17.1"," 29.9","  77.0"," ","  45.0"," "," 0.03","G","999.9","010000"
"72565003017","2018-05-16","39.8328","-104.6575","1650.2","DENVER INTERNATIONAL AIRPORT, CO US","  64.4","24","  39.3","24","1011.6","24","833.5","24"," 10.0","24","  7.9","24"," 17.1","999.9","  81.0"," ","  45.0"," "," 0.00","G","999.9","000000"
"72565003017","2018-05-17","39.8328","-104.6575","1650.2","DENVER INTERNATIONAL AIRPORT, CO US","  67.0","24","  42.6","24","1005.7","24","829.3","24"," 10.0","24","  9.0","24"," 15.0"," 18.1","  86.0"," ","  51.1"," "," 0.00","G","999.9","000000"
"72565003017","2018-05-18","39.8328","-104.6575","1650.2","DENVER INTERNATIONAL AIRPORT, CO US","  61.7","24","  44.5","24","1005.0","21","828.8","24","  9.3","24"," 10.2","24"," 22.9"," 33.0","  86.0"," ","  51.1"," "," 0.00","G","999.9","000000"
"72565003017","2018-05-19","39.8328","-104.6575","1650.2","DENVER INTERNATIONAL AIRPORT, CO US","  49.5","24","  45.1","24","1013.2","13","833.5","24","  9.6","24"," 10.7","24"," 18.1"," 25.1","  69.1"," ","  44.1"," "," 0.03","G","999.9","010000"
"72565003017","2018-05-20","39.8328","-104.6575","1650.2","DENVER INTERNATIONAL AIRPORT, CO US","  46.2","24","  40.3","24","1020.5","16","838.3","24","  8.1","24","  7.1","24"," 13.0","999.9","  57.9"," ","  39.9"," "," 0.10","G","999.9","100000"
"72565003017","2018-05-21","39.8328","-104.6575","1650.2","DENVER INTERNATIONAL AIRPORT, CO US","  56.7","24","  42.7","24","1013.5","19","833.3","24","  7.9","24","  6.1","24"," 17.1"," 21.0","  79.0"," ","  39.9"," "," 0.00","G","999.9","100000"
"72565003017","2018-05-22","39.8328","-104.6575","1650.2","DENVER INTERNATIONAL AIRPORT, CO US","  63.6","24","  42.6","24","1008.1","24","830.6","24"," 10.0","24","  8.2","24"," 22.0"," 33.0","  81.0"," ","  42.1"," "," 0.00","G","999.9","000000"
"72565003017","2018-05-23","39.8328","-104.6575","1650.2","DENVER INTERNATIONAL AIRPORT, CO US","  64.9","24","  45.2","24","1008.6","24","831.4","24"," 10.0","24","  7.6","24"," 22.9"," 29.9","  81.0"," ","  46.9"," "," 0.00","G","999.9","010010"
"72565003017","2018-05-24","39.8328","-104.6575","1650.2","DENVER INTERNATIONAL AIRPORT, CO US","  68.2","24","  42.0","24","1011.0","24","833.7","24"," 10.0","24","  6.3","24"," 14.0"," 32.1","  86.0"," ","  46.9"," "," 0.00","G","999.9","000000"
"72565003017","2018-05-25","39.8328","-104.6575","1650.2","DENVER INTERNATIONAL AIRPORT, CO US","  71.0","24","  37.4","24","1011.3","24","834.4","24"," 10.0","24","  7.6","24"," 15.0"," 22.9","  91.0"," ","  52.0"," "," 0.00","G","999.9","000000"
"72565003017","2018-05-26","39.8328","-104.6575","1650.2","DENVER INTERNATIONAL AIRPORT, CO US","  74.1","24","  37.5","24","1005.6","24","830.3","24"," 10.0","24","  9.4","24"," 24.1"," 29.9","  93.9"," ","  54.0"," "," 0.00","G","999.9","000000"
"72565003017","2018-05-27","39.8328","-104.6575","1650.2","DENVER INTERNATIONAL AIRPORT, CO US","  74.3","24","  33.2","24","1002.1","23","827.6","24"," 10.0","24"," 10.7","24"," 18.1"," 35.9","  93.9"," ","  55.0"," "," 0.00","G","999.9","010010"
"72565003017","2018-05-28","39.8328","-104.6575","1650.2","DENVER INTERNATIONAL AIRPORT, CO US","  62.5","24","  48.8","24","1008.9","18","831.6","24"," 10.0","24"," 10.9","24"," 29.9"," 38.1","  87.1"," ","  51.1"," "," 0.00","G","999.9","010110"
"72565003017","2018-05-29","39.8328","-104.6575","1650.2","DENVER INTERNATIONAL AIRPORT, CO US","  62.2","24","  43.4","24","1008.2","22","830.3","24"," 10.0","24","  8.9","24"," 15.9"," 25.1","  78.1"," ","  46.0"," "," 0.09","G","999.9","000000"
"72565003017","2018-05-30","39.8328","-104.6575","1650.2","DENVER INTERNATIONAL AIRPORT, CO US","  65.5","24","  42.4","24","1007.1","24","829.9","24"," 10.0","24","  7.6","24"," 11.1"," 20.0","  84.0"," ","  46.0"," "," 0.00","G","999.9","000000"
"72565003017","2018-05-31","39.8328","-104.6575","1650.2","DENVER INTERNATIONAL AIRPORT, CO US","  69.5","24","  40.8","24","1005.3","24","829.3","24","  9.9","24"," 10.3","24"," 28.9"," 45.1","  91.9"," ","  48.0"," "," 0.00","G","999.9","010010"
"72565003017","2018-06-01","39.8328","-104.6575","1650.2","DENVER INTERNATIONAL AIRPORT, CO US","  76.3","24","  30.7","24","1001.5","24","827.2","24"," 10.0","24"," 11.0","24"," 25.1"," 35.0","  91.9"," ","  50.0"," "," 0.00","G","999.9","000000"
"72565003017","2018-06-02","39.8328","-104.6575","1650.2","DENVER INTERNATIONAL AIRPORT, CO US","  64.9","24","  30.0","24","1015.0","24","837.2","24"," 10.0","24","  8.3","24"," 17.1"," 25.1","  91.9"," ","  44.1"," "," 0.00","G","999.9","000000"
"72565003017","2018-06-03","39.8328","-104.6575","1650.2","DENVER INTERNATIONAL AIRPORT, CO US","  64.2","24","  35.9","24","1018.0","24","838.9","24"," 10.0","24","  7.5","24"," 13.0","999.9","  79.0"," ","  44.1"," "," 0.00","G","999.9","000000"
"72565003017","2018-06-04","39.8328","-104.6575","1650.2","DENVER INTERNATIONAL AIRPORT, CO US","  72.1","24","  37.8","24","1010.5","24","833.7","24"," 10.0","24","  5.8","24"," 15.9"," 25.1","  93.0"," ","  48.0"," "," 0.00","G","999.9","000000"
"72565003017","2018-06-05","39.8328","-104.6575","1650.2","DENVER INTERNATIONAL AIRPORT, CO US","  78.7","24","  32.7","24","1006.4","24","831.6","24"," 10.0","24","  9.9","24"," 15.9"," 22.0","  95.0"," ","  57.0"," "," 0.00","G","999.9","000000"
"72565003017","2018-06-06","39.8328","-104.6575","1650.2","DENVER INTERNATIONAL AIRPORT, CO US","  77.5","24","  36.7","24","1005.5","24","831.0","24"," 10.0","24","  7.4","24"," 26.0"," 47.0","  95.0"," ","  60.1"," "," 0.00","G","999.9","000000"
"72565003017","2018-06-07","39.8328","-104.6575","1650.2","DENVER INTERNATIONAL AIRPORT, CO US","  76.5","24","  39.3","24","1007.1","21","831.9","24"," 10.0","24"," 12.8","24"," 27.0"," 42.9","  95.0"," ","  57.9"," "," 0.00","G","999.9","010010"
"72565003017","2018-06-08","39.8328","-104.6575","1650.2","DENVER INTERNATIONAL AIRPORT, CO US","  78.1","24","  34.9","24","1008.0","24","832.8","24"," 10.0","24"," 10.5","24"," 19.0"," 27.0","  96.1"," ","  57.0"," "," 0.00","G","999.9","000000"
"72565003017","2018-06-09","39.8328","-104.6575","1650.2","DENVER INTERNATIONAL AIRPORT, CO US","  75.1","24","  38.9","24","1008.2","24","832.8","24"," 10.0","24","  8.2","24"," 15.9"," 17.1","  96.1"," ","  57.0"," "," 0.00","G","999.9","000000"
"72565003017","2018-06-10","39.8328","-104.6575","1650.2","DENVER INTERNATIONAL AIRPORT, CO US","  79.4","24","  30.1","24","1000.4","24","826.9","24","  9.9","24","  9.2","24"," 19.0"," 25.1","  97.0"," ","  61.0"," "," 0.00","G","999.9","000000"
"72565003017","2018-06-11","39.8328","-104.6575","1650.2","DENVER INTERNATIONAL AIRPORT, CO US","  71.7","24","  28.0","24","1004.0","24","829.2","24","  9.8","24","  8.9","24"," 17.1"," 24.1","  97.0"," ","  51.1"," "," 0.00","G","999.9","000000"
"72565003017","2018-06-12","39.8328","-104.6575","1650.2","DENVER INTERNATIONAL AIRPORT, CO US","  69.5","24","  37.6","24","1011.1","24","834.1","24"," 10.0","24","  9.6","24"," 20.0","999.9","  87.1"," ","  51.1"," "," 0.00","G","999.9","000000"
"72565003017","2018-06-13","39.8328","-104.6575","1650.2","DENVER INTERNATIONAL AIRPORT, CO US","  76.1","24","  47.6","24","1010.0","24","833.9","24"," 10.0","24","  7.9","24"," 21.0"," 29.9","  93.9"," ","  55.9"," "," 0.00","G","999.9","000000"
"72565003017","2018-06-14","39.8328","-104.6575","1650.2","DENVER INTERNATIONAL AIRPORT, CO US","  82.1","24","  36.1","24","1003.3","24","829.6","24"," 10.0","24"," 13.3","24"," 22.0"," 33.0","  97.0"," ","  57.0"," "," 0.00","G","999.9","000000"
"72565003017","2018-06-15","39.8328","-104.6575","1650.2","DENVER INTERNATIONAL AIRPORT, CO US","  78.1","24","  39.2","24","1001.9","24","828.1","24"," 10.0","24","  8.5","24"," 19.0"," 33.0","  97.0"," ","  61.0"," "," 0.00","G","999.9","010010"
"72565003017","2018-06-16","39.8328","-104.6575","1650.2","DENVER INTERNATIONAL AIRPORT, CO US","  73.6","24","  49.0","24","1000.1","23","826.0","24"," 10.0","24","  7.8","24"," 20.0"," 35.0","  95.0"," ","  57.9"," "," 0.01","G","999.9","010010"
"72565003017","2018-06-17","39.8328","-104.6575","1650.2","DENVER INTERNATIONAL AIRPORT, CO US","  66.7","24","  55.3","24","1004.9","24","828.8","24","  9.7","24","  8.8","24"," 17.1"," 27.0","  87.1"," ","  57.9"," "," 0.02","G","999.9","010000"
"72565003017","2018-06-18","39.8328","-104.6575","1650.2","DENVER INTERNATIONAL AIRPORT, CO US","  61.6","24","  55.6","24","1011.5","15","833.9","24","  5.9","24","  7.6","24"," 18.1"," 26.0","  82.0"," ","  54.0"," "," 0.27","G","999.9","110000"
"72565003017","2018-06-19","39.8328","-104.6575","1650.2","DENVER INTERNATIONAL AIRPORT, CO US","  67.0","24","  54.7","24","1010.9","19","833.6","24","  9.9","24"," 13.5","24"," 22.9"," 33.0","  82.0"," ","  54.0"," "," 0.02","G","999.9","010010"
"72565003017","2018-06-20","39.8328","-104.6575","1650.2","DENVER INTERNATIONAL AIRPORT, CO US","  63.0","24","  50.3","24","1014.6","20","836.1","24","  9.7","24","  9.5","24"," 25.1"," 34.0","  79.0"," ","  52.0"," "," 0.00","G","999.9","010010"
"72565003017","2018-06-21","39.8328","-104.6575","1650.2","DENVER INTERNATIONAL AIRPORT, CO US","  67.0","24","  47.1","24","1015.1","24","836.9","24"," 10.0","24","  7.5","24"," 15.9"," 22.9","  86.0"," ","  50.0"," "," 0.00","G","999.9","000000"
"72565003017","2018-06-22","39.8328","-104.6575","1650.2","DENVER INTERNATIONAL AIRPORT, CO US","  71.9","24","  45.7","24","1009.0","20","832.3","24"," 10.0","24","  9.5","24"," 22.0"," 39.0","  90.0"," ","  50.0"," "," 0.00","G","999.9","010010"
"72565003017","2018-06-23","39.8328","-104.6575","1650.2","DENVER INTERNATIONAL AIRPORT, CO US","  71.2","24","  43.0","24","1006.5","24","830.6","24"," 10.0","24","  6.3","24"," 13.0"," 22.0","  90.0"," ","  51.1"," "," 0.00","G","999.9","000000"
"72565003017","2018-06-24","39.8328","-104.6575","1650.2","DENVER INTERNATIONAL AIRPORT, CO US","  63.3","24","  46.6","24","1008.4","21","831.8","24","  9.8","24","  8.5","24"," 24.1"," 34.0","  89.1"," ","  51.1"," "," 0.00","G","999.9","010010"
"72565003017","2018-06-25","39.8328","-104.6575","1650.2","DENVER INTERNATIONAL AIRPORT, CO US","  63.0","24","  45.7","24","1014.4","24","835.4","24","  9.9","24","  6.4","24","  9.9"," 15.0","  82.9"," ","  48.0"," "," 0.13","G","999.9","010000"
"72565003017","2018-06-26","39.8328","-104.6575","1650.2","DENVER INTERNATIONAL AIRPORT, CO US","  75.0","24","  40.4","24","1009.4","24","833.0","24"," 10.0","24","  7.2","24"," 11.1"," 15.0","  97.0"," ","  48.0"," "," 0.00","G","999.9","000000"
"72565003017","2018-06-27","39.8328","-104.6575","1650.2","DENVER INTERNATIONAL AIRPORT, CO US","  83.2","24","  33.4","24","1007.1","22","832.7","24","  9.9","24"," 10.3","24"," 17.1"," 49.9"," 100.9"," ","  55.9"," "," 0.00","G","999.9","000000"
"72565003017","2018-06-28","39.8328","-104.6575","1650.2","DENVER INTERNATIONAL AIRPORT, CO US","  85.0","24","  43.8","24","1003.8","24","830.4","24"," 10.0","24"," 11.0","24"," 19.0"," 28.0"," 105.1"," ","  63.0"," "," 0.00","G","999.9","010010"
"72565003017","2018-06-29","39.8328","-104.6575","1650.2","DENVER INTERNATIONAL AIRPORT, CO US","  85.3","24","  30.7","24"," 999.9","24","827.3","24"," 10.0","24"," 10.8","24"," 18.1"," 35.9"," 105.1"," ","  63.0"," "," 0.00","G","999.9","000000"
"72565003017","2018-06-30","39.8328","-104.6575","1650.2","DENVER INTERNATIONAL AIRPORT, CO US","  69.9","24","  48.2","24","1007.1","19","831.5","24"," 10.0","24"," 14.0","24"," 31.1"," 48.0","  97.0"," ","  59.0"," "," 0.00","G","999.9","000000"
"72565003017","2018-07-01","39.8328","-104.6575","1650.2","DENVER INTERNATIONAL AIRPORT, CO US","  65.4","24","  43.6","24","1013.8","24","835.3","24"," 10.0","24","  6.1","24"," 21.0"," 26.0","  90.0"," ","  46.9"," "," 0.00","G","999.9","000010"
"72565003017","2018-07-02","39.8328","-104.6575","1650.2","DENVER INTERNATIONAL AIRPORT, CO US","  77.5","24","  39.3","24","1009.2","24","833.6","24"," 10.0","24","  7.4","24"," 15.9"," 22.0","  93.9","*","  57.2","*"," 0.00","G","999.9","000000"
"72565003017","2018-07-03","39.8328","-104.6575","1650.2","DENVER INTERNATIONAL AIRPORT, CO US","  79.8","24","  39.1","24","1005.9","23","831.4","24"," 10.0","24"," 11.0","24"," 26.0"," 40.0","  99.0"," ","  57.0"," "," 0.02","G","999.9","010010"
"72565003017","2018-07-04","39.8328","-104.6575","1650.2","DENVER INTERNATIONAL AIRPORT, CO US","  76.2","24","  44.7","24","1011.8","24","836.0","24"," 10.0","24","  7.5","24"," 25.1"," 33.0","  99.0"," ","  57.0"," "," 0.00","G","999.9","010010"
"72565003017","2018-07-05","39.8328","-104.6575","1650.2","DENVER INTERNATIONAL AIRPORT, CO US","  74.1","24","  50.7","24","1022.8","23","844.8","24"," 10.0","24"," 13.0","24"," 21.0"," 29.9","  93.0"," ","  57.9"," "," 0.00","G","999.9","010000"
"72565003017","2018-07-06","39.8328","-104.6575","1650.2","DENVER INTERNATIONAL AIRPORT, CO US","  72.6","24","  50.0","24","1023.8","24","845.4","24"," 10.0","24"," 10.4","24"," 18.1"," 22.9","  91.9"," ","  60.1"," "," 0.00","G","999.9","010000"
"72565003017","2018-07-07","39.8328","-104.6575","1650.2","DENVER INTERNATIONAL AIRPORT, CO US","  80.7","24","  50.1","24","1016.1","24","839.8","24"," 10.0","24","  9.4","24"," 15.9"," 27.0","  98.1"," ","  60.1"," "," 0.00","G","999.9","000000"
"72565003017","2018-07-08","39.8328","-104.6575","1650.2","DENVER INTERNATIONAL AIRPORT, CO US","  81.8","24","  48.2","24","1012.6","24","837.2","24"," 10.0","24","  8.9","24"," 26.0"," 35.0","  98.1"," ","  62.1"," "," 0.00","G","999.9","000000"
"72565003017","2018-07-09","39.8328","-104.6575","1650.2","DENVER INTERNATIONAL AIRPORT, CO US","  80.0","24","  46.8","24","1015.7","24","839.7","24"," 10.0","24","  9.4","24"," 19.0"," 22.0","  98.1"," ","  63.0"," "," 0.00","G","999.9","000010"
"72565003017","2018-07-10","39.8328","-104.6575","1650.2","DENVER INTERNATIONAL AIRPORT, CO US","  81.7","24","  42.8","24","1013.7","24","838.1","24"," 10.0","24"," 11.0","24"," 18.1"," 28.9","  98.1"," ","  63.0"," "," 0.00","G","999.9","000000"
"72565003017","2018-07-11","39.8328","-104.6575","1650.2","DENVER INTERNATIONAL AIRPORT, CO US","  80.0","24","  41.5","24","1009.7","24","834.7","24"," 10.0","24","  9.6","24"," 18.1"," 24.1","  98.1"," ","  60.1"," "," 0.00","G","999.9","000000"
"72565003017","2018-07-12","39.8328","-104.6575","1650.2","DENVER INTERNATIONAL AIRPORT, CO US","  76.6","24","  49.0","24","1010.7","23","835.0","24"," 10.0","24"," 10.7","24"," 22.9"," 36.9","  96.1"," ","  60.1"," "," 0.00","G","999.9","000010"
"72565003017","2018-07-13","39.8328","-104.6575","1650.2","DENVER INTERNATIONAL AIRPORT, CO US","  73.4","24","  53.6","24","1015.9","24","838.7","24"," 10.0","24","  7.3","24"," 18.1","999.9","  90.0"," ","  61.0"," "," 0.00","G","999.9","000000"
"72565003017","2018-07-14","39.8328","-104.6575","1650.2","DENVER INTERNATIONAL AIRPORT, CO US","  79.7","24","  49.1","24","1013.7","24","837.7","24"," 10.0","24","  7.6","24"," 13.0"," 22.0","  97.0"," ","  61.0"," "," 0.00","G","999.9","000000"
"72565003017","2018-07-15","39.8328","-104.6575","1650.2","DENVER INTERNATIONAL AIRPORT, CO US","  73.6","24","  54.2","24","1013.4","22","837.7","24","  9.5","24"," 13.1","24"," 24.1"," 32.1","  97.0"," ","  64.0"," "," 0.00","G","999.9","010000"
"72565003017","2018-07-16","39.8328","-104.6575","1650.2","DENVER INTERNATIONAL AIRPORT, CO US","  67.7","24","  58.5","24","1017.3","19","839.1","24","  6.3","24","  4.6","24","  9.9","999.9","  91.0"," ","  59.0"," "," 0.21","G","999.9","110000"
"72565003017","2018-07-17","39.8328","-104.6575","1650.2","DENVER INTERNATIONAL AIRPORT, CO US","  72.1","24","  58.2","24","1015.5","19","838.4","24","  9.7","24","  6.4","24"," 24.1"," 29.9","  91.0"," ","  59.0"," "," 0.07","G","999.9","010010"
"72565003017","2018-07-18","39.8328","-104.6575","1650.2","DENVER INTERNATIONAL AIRPORT, CO US","  76.3","24","  51.0","24","1012.8","24","836.6","24"," 10.0","24"," 10.9","24"," 19.0"," 22.9","  95.0"," ","  60.1"," "," 0.00","G","999.9","000000"
"72565003017","2018-07-19","39.8328","-104.6575","1650.2","DENVER INTERNATIONAL AIRPORT, CO US","  80.7","24","  44.5","24","1010.6","24","835.3","24"," 10.0","24","  7.7","24"," 11.1"," 15.9","  98.1"," ","  63.0"," "," 0.00","G","999.9","000000"
"72565003017","2018-07-20","39.8328","-104.6575","1650.2","DENVER INTERNATIONAL AIRPORT, CO US","  80.7","24","  47.3","24","1009.7","24","834.8","24"," 10.0","24","  7.9","24"," 13.0"," 24.1","  98.1"," ","  64.0"," "," 0.00","G","999.9","000000"
"72565003017","2018-07-21","39.8328","-104.6575","1650.2","DENVER INTERNATIONAL AIRPORT, CO US","  82.3","24","  45.6","24","1011.1","24","836.0","24"," 10.0","24","  8.0","24"," 21.0"," 29.9","  97.0"," ","  66.0"," "," 0.00","G","999.9","000000"
"72565003017","2018-07-22","39.8328","-104.6575","1650.2","DENVER INTERNATIONAL AIRPORT, CO US","  81.2","24","  50.8","24","1012.0","24","836.7","24"," 10.0","24","  9.0","24"," 20.0"," 28.0","  97.0"," ","  68.0"," "," 0.00","G","999.9","010000"
"72565003017","2018-07-23","39.8328","-104.6575","1650.2","DENVER INTERNATIONAL AIRPORT, CO US","  71.7","24","  57.6","24","1019.4","21","841.8","24"," 10.0","24","  9.1","24"," 19.0"," 25.1","  95.0"," ","  63.0"," "," 0.00","G","999.9","010010"
"72565003017","2018-07-24","39.8328","-104.6575","1650.2","DENVER INTERNATIONAL AIRPORT, CO US","  70.7","24","  61.5","24","1018.5","14","840.8","24","  5.8","24","  5.9","24"," 20.0"," 27.0","  90.0"," ","  63.0"," "," 0.43","G","999.9","010010"
"72565003017","2018-07-25","39.8328","-104.6575","1650.2","DENVER INTERNATIONAL AIRPORT, CO US","  71.6","24","  58.8","24","1016.2","20","839.0","24"," 10.0","24"," 11.1","24"," 25.1"," 33.0","  90.0"," ","  63.0"," "," 0.13","G","999.9","010010"
"72565003017","2018-07-26","39.8328","-104.6575","1650.2","DENVER INTERNATIONAL AIRPORT, CO US","  67.5","24","  57.1","24","1019.3","20","840.9","24","  9.6","24","  7.9","24"," 18.1"," 26.0","  82.9"," ","  60.1"," "," 0.11","G","999.9","010010"
"72565003017","2018-07-27","39.8328","-104.6575","1650.2","DENVER INTERNATIONAL AIRPORT, CO US","  68.5","24","  55.9","24","1016.6","18","838.8","24","  9.7","24"," 11.1","24"," 27.0"," 40.0","  82.0","*","  57.2","*"," 0.05","G","999.9","010010"
"72565003017","2018-07-28","39.8328","-104.6575","1650.2","DENVER INTERNATIONAL AIRPORT, CO US","  64.2","24","  56.4","24","1016.4","19","838.0","24","  7.5","24","  8.0","24"," 17.1"," 24.1","  84.9"," ","  55.9"," "," 0.00","G","999.9","110000"
"72565003017","2018-07-29","39.8328","-104.6575","1650.2","DENVER INTERNATIONAL AIRPORT, CO US","  65.4","24","  55.5","24","1016.3","21","838.1","24","  7.6","24","  6.0","24"," 28.9"," 42.9","  82.9","*","  55.4","*"," 0.01","G","999.9","110000"
"72565003017","2018-07-30","39.8328","-104.6575","1650.2","DENVER INTERNATIONAL AIRPORT, CO US","  66.1","24","  48.8","24","1020.3","24","841.1","24","  9.9","24","  9.2","24"," 28.9","999.9","  84.0"," ","  55.9"," "," 0.00","G","999.9","000000"
"72565003017","2018-07-31","39.8328","-104.6575","1650.2","DENVER INTERNATIONAL AIRPORT, CO US","  68.0","24","  42.3","24","1019.0","24","840.3","24"," 10.0","24","  8.3","24"," 13.0"," 22.0","  87.1"," ","  54.0"," "," 0.00","G","999.9","000000"
"72565003017","2018-08-01","39.8328","-104.6575","1650.2","DENVER INTERNATIONAL AIRPORT, CO US","  71.7","24","  45.8","24","1014.8","24","837.4","24"," 10.0","24","  6.9","24","  9.9"," 17.1","  87.1"," ","  54.0"," "," 0.00","G","999.9","000000"
"72565003017","2018-08-02","39.8328","-104.6575","1650.2","DENVER INTERNATIONAL AIRPORT, CO US","  73.8","24","  45.7","24","1012.8","24","836.1","24","  9.8","24","  6.7","24"," 18.1"," 26.0","  93.0"," ","  55.9"," "," 0.00","G","999.9","000000"
"72565003017","2018-08-03","39.8328","-104.6575","1650.2","DENVER INTERNATIONAL AIRPORT, CO US","  75.9","24","  48.1","24","1009.4","24","834.1","24","  9.7","24","  9.3","24"," 20.0"," 33.0","  93.0"," ","  55.9"," "," 0.00","G","999.9","010000"
"72565003017","2018-08-04","39.8328","-104.6575","1650.2","DENVER INTERNATIONAL AIRPORT, CO US","  76.1","24","  44.0","24","1009.2","24","833.3","24"," 10.0","24","  8.8","24"," 15.0"," 20.0","  95.0"," ","  62.1"," "," 0.09","G","999.9","000000"
"72565003017","2018-08-05","39.8328","-104.6575","1650.2","DENVER INTERNATIONAL AIRPORT, CO US","  76.1","24","  47.0","24","1009.7","24","834.3","24"," 10.0","24"," 10.0","24"," 24.1"," 36.9","  95.0"," ","  62.1"," "," 0.00","G","999.9","010000"
"72565003017","2018-08-06","39.8328","-104.6575","1650.2","DENVER INTERNATIONAL AIRPORT, CO US","  70.3","24","  54.7","24","1014.0","19","837.2","24"," 10.0","24","  7.7","24"," 17.1","999.9","  88.0"," ","  57.9"," "," 0.00","G","999.9","000000"
"72565003017","2018-08-07","39.8328","-104.6575","1650.2","DENVER INTERNATIONAL AIRPORT, CO US","  69.5","24","  54.8","24","1015.4","24","837.8","24","  9.9","24","  8.7","24"," 21.0"," 31.1","  88.0"," ","  55.9"," "," 0.31","G","999.9","010010"
"72565003017","2018-08-08","39.8328","-104.6575","1650.2","DENVER INTERNATIONAL AIRPORT, CO US","  69.1","24","  53.2","24","1014.6","22","837.3","24","  9.5","24","  8.7","24"," 29.9"," 36.9","  88.0"," ","  55.9"," "," 0.06","G","999.9","010110"
"72565003017","2018-08-09","39.8328","-104.6575","1650.2","DENVER INTERNATIONAL AIRPORT, CO US","  71.7","24","  47.8","24","1016.8","24","838.9","24"," 10.0","24","  7.2","24"," 12.0"," 15.9","  88.0"," ","  55.9"," "," 0.00","G","999.9","000000"
"72565003017","2018-08-10","39.8328","-104.6575","1650.2","DENVER INTERNATIONAL AIRPORT, CO US","  74.8","24","  46.7","24","1016.2","24","839.3","24"," 10.0","24","  8.2","24"," 12.0"," 17.1","  88.0"," ","  55.9"," "," 0.00","G","999.9","000000"
"72565003017","2018-08-11","39.8328","-104.6575","1650.2","DENVER INTERNATIONAL AIRPORT, CO US","  75.5","24","  43.5","24","1015.7","24","838.8","24"," 10.0","24"," 10.2","24"," 15.9"," 22.0","  91.9"," ","  59.0"," "," 0.00","G","999.9","000000"
"72565003017","2018-08-12","39.8328","-104.6575","1650.2","DENVER INTERNATIONAL AIRPORT, CO US","  75.6","24","  42.4","24","1012.6","24","836.5","24"," 10.0","24"," 13.9","24"," 18.1"," 28.0","  91.9"," ","  59.0"," "," 0.00","G","999.9","000000"
"72565003017","2018-08-13","39.8328","-104.6575","1650.2","DENVER INTERNATIONAL AIRPORT, CO US","  71.3","24","  44.0","24","1010.2","24","834.0","24","  9.7","24","  9.3","24"," 18.1"," 24.1","  90.0"," ","  53.1"," "," 0.00","G","999.9","000000"
"72565003017","2018-08-14","39.8328","-104.6575","1650.2","DENVER INTERNATIONAL AIRPORT, CO US","  70.4","24","  51.4","24","1011.2","22","834.6","24","  8.5","24","  7.7","24"," 20.0"," 27.0","  89.1"," ","  53.1"," "," 0.00","G","999.9","100000"
"72565003017","2018-08-15","39.8328","-104.6575","1650.2","DENVER INTERNATIONAL AIRPORT, CO US","  71.4","24","  51.4","24","1011.2","24","834.5","24","  9.7","24"," 11.1","24"," 33.0"," 46.0","  88.0"," ","  57.9"," "," 0.38","G","999.9","010010"
"72565003017","2018-08-16","39.8328","-104.6575","1650.2","DENVER INTERNATIONAL AIRPORT, CO US","  72.4","24","  49.7","24","1013.1","24","836.4","24"," 10.0","24","  5.2","24"," 12.0","999.9","  89.1"," ","  59.0"," "," 0.00","G","999.9","000000"
"72565003017","2018-08-17","39.8328","-104.6575","1650.2","DENVER INTERNATIONAL AIRPORT, CO US","  73.6","24","  51.0","24","1015.9","23","838.7","24"," 10.0","24","  8.0","24"," 21.0"," 28.0","  89.1"," ","  59.0"," "," 0.00","G","999.9","000010"
"72565003017","2018-08-18","39.8328","-104.6575","1650.2","DENVER INTERNATIONAL AIRPORT, CO US","  68.8","24","  54.8","24","1014.8","24","837.3","24"," 10.0","24"," 11.5","24"," 21.0"," 29.9","  89.1"," ","  57.0"," "," 0.00","G","999.9","010000"
"72565003017","2018-08-19","39.8328","-104.6575","1650.2","DENVER INTERNATIONAL AIRPORT, CO US","  62.4","24","  50.9","24","1016.1","23","837.4","24"," 10.0","24"," 10.2","24"," 22.9"," 34.0","  79.0"," ","  51.1"," "," 0.07","G","999.9","010010"
"72565003017","2018-08-20","39.8328","-104.6575","1650.2","DENVER INTERNATIONAL AIRPORT, CO US","  60.4","24","  46.5","24","1019.5","24","839.7","24","  5.5","24","  6.3","24"," 20.0"," 22.0","  75.9"," ","  46.0"," "," 0.01","G","999.9","000000"
"72565003017","2018-08-21","39.8328","-104.6575","1650.2","DENVER INTERNATIONAL AIRPORT, CO US","  63.4","24","  43.0","24","1018.3","24","838.9","24","  6.7","24"," 10.2","24"," 19.0"," 28.9","  80.1"," ","  46.0"," "," 0.00","G","999.9","010000"
"72565003017","2018-08-22","39.8328","-104.6575","1650.2","DENVER INTERNATIONAL AIRPORT, CO US","  63.9","24","  53.4","24","1018.8","21","839.8","24","  6.4","24","  7.4","24"," 22.9"," 32.1","  81.0"," ","  53.1"," "," 0.00","G","999.9","110000"
"72565003017","2018-08-23","39.8328","-104.6575","1650.2","DENVER INTERNATIONAL AIRPORT, CO US","  73.6","24","  47.0","24","1011.6","24","834.8","24","  9.9","24"," 11.3","24"," 20.0"," 31.1","  89.1"," ","  55.9"," "," 0.00","G","999.9","000000"
"72565003017","2018-08-24","39.8328","-104.6575","1650.2","DENVER INTERNATIONAL AIRPORT, CO US","  76.2","24","  38.0","24","1008.3","24","832.9","24","  8.7","24","  9.3","24"," 17.1"," 21.0","  90.0"," ","  57.9"," "," 0.00","G","999.9","000000"
"72565003017","2018-08-25","39.8328","-104.6575","1650.2","DENVER INTERNATIONAL AIRPORT, CO US","  76.8","24","  39.9","24","1008.9","24","833.5","24","  9.3","24","  6.9","24"," 21.0"," 28.9","  91.9"," ","  61.0"," "," 0.00","G","999.9","000000"
"72565003017","2018-08-26","39.8328","-104.6575","1650.2","DENVER INTERNATIONAL AIRPORT, CO US","  77.2","24","  43.9","24","1006.6","23","831.6","24"," 10.0","24","  9.6","24"," 24.1"," 36.9","  93.9"," ","  60.1"," "," 0.00","G","999.9","010010"
"72565003017","2018-08-27","39.8328","-104.6575","1650.2","DENVER INTERNATIONAL AIRPORT, CO US","  77.5","24","  39.9","24","1002.7","23","828.5","24"," 10.0","24"," 12.6","24"," 31.1"," 52.1","  93.9"," ","  60.1"," "," 0.01","G","999.9","000000"
"72565003017","2018-08-28","39.8328","-104.6575","1650.2","DENVER INTERNATIONAL AIRPORT, CO US","  67.1","24","  41.0","24","1009.5","24","833.1","24"," 10.0","24","  8.1","24"," 15.0"," 21.0","  93.0"," ","  50.0"," "," 0.00","G","999.9","000000"
"72565003017","2018-08-29","39.8328","-104.6575","1650.2","DENVER INTERNATIONAL AIRPORT, CO US","  67.2","24","  44.3","24","1014.4","24","836.2","24"," 10.0","24","  7.2","24"," 13.0"," 17.1","  91.0"," ","  50.0"," "," 0.00","G","999.9","000000"
"72565003017","2018-08-30","39.8328","-104.6575","1650.2","DENVER INTERNATIONAL AIRPORT, CO US","  75.3","24","  42.2","24","1010.4","24","834.2","24"," 10.0","24","  9.4","24"," 18.1"," 27.0","  91.9"," ","  54.0"," "," 0.00","G","999.9","000000"
"72565003017","2018-08-31","39.8328","-104.6575","1650.2","DENVER INTERNATIONAL AIRPORT, CO US","  75.7","24","  34.9","24","1007.6","23","832.2","24"," 10.0","24","  6.5","24"," 29.9"," 47.0","  91.9"," ","  60.1"," "," 0.00","G","999.9","010010"
"72565003017","2018-09-01","39.8328","-104.6575","1650.2","DENVER INTERNATIONAL AIRPORT, CO US","  69.9","24","  42.1","24","1008.3","24","832.1","24"," 10.0","24","  7.2","24"," 15.0","999.9","  90.0"," ","  53.1"," "," 0.00","G","999.9","010000"
"72565003017","2018-09-02","39.8328","-104.6575","1650.2","DENVER INTERNATIONAL AIRPORT, CO US","  67.8","24","  44.8","24","1010.5","24","833.6","24"," 10.0","24","  7.1","24"," 12.0"," 22.9","  88.0"," ","  53.1"," "," 0.00","G","999.9","000000"
"72565003017","2018-09-03","39.8328","-104.6575","1650.2","DENVER INTERNATIONAL AIRPORT, CO US","  69.2","24","  43.9","24","1012.3","24","835.0","24"," 10.0","24","  6.3","24"," 11.1"," 18.1","  82.0"," ","  57.0"," "," 0.00","G","999.9","000000"
"72565003017","2018-09-04","39.8328","-104.6575","1650.2","DENVER INTERNATIONAL AIRPORT, CO US","  68.5","24","  45.8","24","1011.3","24","834.2","24"," 10.0","24","  7.9","24"," 12.0"," 17.1","  82.9"," ","  55.9"," "," 0.00","G","999.9","000000"
"72565003017","2018-09-05","39.8328","-104.6575","1650.2","DENVER INTERNATIONAL AIRPORT, CO US","  63.8","24","  51.7","24","1018.7","16","840.0","24","  9.3","24","  8.6","24"," 17.1"," 25.1","  82.9"," ","  54.0"," "," 0.07","G","999.9","010010"
"72565003017","2018-09-06","39.8328","-104.6575","1650.2","DENVER INTERNATIONAL AIRPORT, CO US","  61.6","24","  50.8","24","1023.0","24","842.5","24"," 10.0","24","  7.8","24"," 22.9"," 29.9","  78.1"," ","  51.1"," "," 0.00","I","999.9","000000"
"72565003017","2018-09-07","39.8328","-104.6575","1650.2","DENVER INTERNATIONAL AIRPORT, CO US","  60.6","24","  52.6","24","1021.0","17","841.1","24","  6.2","24","  6.2","24"," 12.0","999.9","  78.1"," ","  51.1"," "," 0.00","G","999.9","110000"
"72565003017","2018-09-08","39.8328","-104.6575","1650.2","DENVER INTERNATIONAL AIRPORT, CO US","  65.2","24","  46.7","24","1016.4","24","837.7","24"," 10.0","24","  6.2","24","  9.9"," 17.1","  84.9","*","  51.8","*"," 0.01","G","999.9","000000"
"72565003017","2018-09-09","39.8328","-104.6575","1650.2","DENVER INTERNATIONAL AIRPORT, CO US","  72.4","24","  42.2","24","1009.9","24","833.4","24"," 10.0","24","  9.4","24"," 21.0"," 28.9","  88.0"," ","  52.0"," "," 0.00","G","999.9","010000"
"72565003017","2018-09-10","39.8328","-104.6575","1650.2","DENVER INTERNATIONAL AIRPORT, CO US","  73.4","24","  35.3","24","1009.1","24","833.1","24"," 10.0","24","  6.9","24"," 14.0"," 20.0","  93.0"," ","  55.0"," "," 0.00","G","999.9","000000"
"72565003017","2018-09-11","39.8328","-104.6575","1650.2","DENVER INTERNATIONAL AIRPORT, CO US","  76.5","24","  34.2","24","1006.1","24","831.0","24"," 10.0","24"," 10.9","24"," 15.9"," 26.0","  93.0"," ","  55.0"," "," 0.00","G","999.9","000000"
"72565003017","2018-09-12","39.8328","-104.6575","1650.2","DENVER INTERNATIONAL AIRPORT, CO US","  75.5","24","  33.1","24","1004.8","24","829.9","24"," 10.0","24","  8.8","24"," 14.0"," 19.0","  93.0"," ","  60.1"," "," 0.00","G","999.9","000000"
"72565003017","2018-09-13","39.8328","-104.6575","1650.2","DENVER INTERNATIONAL AIRPORT, CO US","  78.7","24","  24.5","24","1004.2","24","829.9","24"," 10.0","24"," 12.3","24"," 18.1"," 26.0","  96.1"," ","  62.1"," "," 0.00","G","999.9","000000"
"72565003017","2018-09-14","39.8328","-104.6575","1650.2","DENVER INTERNATIONAL AIRPORT, CO US","  76.0","24","  21.7","24","1008.4","24","833.1","24"," 10.0","24","  9.9","24"," 17.1"," 22.0","  96.1"," ","  60.1"," "," 0.00","G","999.9","000000"
"72565003017","2018-09-15","39.8328","-104.6575","1650.2","DENVER INTERNATIONAL AIRPORT, CO US","  74.0","24","  30.7","24","1010.7","24","834.6","24"," 10.0","24","  8.3","24"," 17.1"," 25.1","  93.9"," ","  57.9"," "," 0.00","G","999.9","000000"
"72565003017","2018-09-16","39.8328","-104.6575","1650.2","DENVER INTERNATIONAL AIRPORT, CO US","  77.4","24","  41.8","24","1008.3","24","833.0","24"," 10.0","24"," 10.7","24"," 21.0"," 29.9","  93.9"," ","  57.9"," "," 0.00","G","999.9","000000"
"72565003017","2018-09-17","39.8328","-104.6575","1650.2","DENVER INTERNATIONAL AIRPORT, CO US","  77.0","24","  37.7","24","1008.5","24","833.2","24"," 10.0","24","  7.4","24"," 14.0","999.9","  93.0"," ","  60.1"," "," 0.00","G","999.9","000000"
"72565003017","2018-09-18","39.8328","-104.6575","1650.2","DENVER INTERNATIONAL AIRPORT, CO US","  75.0","24","  42.0","24","1008.2","24","832.7","24"," 10.0","24","  7.0","24"," 15.9"," 22.9","  91.9"," ","  59.0"," "," 0.00","G","999.9","010000"
"72565003017","2018-09-19","39.8328","-104.6575","1650.2","DENVER INTERNATIONAL AIRPORT, CO US","  74.7","24","  43.5","24","1004.8","24","829.8","24"," 10.0","24"," 10.1","24"," 21.0"," 29.9","  91.0"," ","  59.0"," "," 0.00","G","999.9","010010"
"72565003017","2018-09-20","39.8328","-104.6575","1650.2","DENVER INTERNATIONAL AIRPORT, CO US","  66.1","24","  51.1","24","1005.5","22","829.4","24","  9.6","24","  8.7","24"," 32.1"," 42.9","  84.0"," ","  59.0"," "," 0.09","G","999.9","010000"
"72565003017","2018-09-21","39.8328","-104.6575","1650.2","DENVER INTERNATIONAL AIRPORT, CO US","  61.2","24","  39.3","24","1017.5","24","838.4","24"," 10.0","24"," 10.4","24"," 20.0"," 26.0","  84.0"," ","  44.1"," "," 0.01","G","999.9","000000"
"72565003017","2018-09-22","39.8328","-104.6575","1650.2","DENVER INTERNATIONAL AIRPORT, CO US","  67.1","24","  34.6","24","1015.9","24","837.4","24"," 10.0","24"," 10.1","24"," 21.0"," 28.9","  86.0"," ","  44.1"," "," 0.00","G","999.9","000000"
"72565003017","2018-09-23","39.8328","-104.6575","1650.2","DENVER INTERNATIONAL AIRPORT, CO US","  70.2","24","  25.0","24","1010.1","24","833.3","24"," 10.0","24","  9.0","24"," 13.0"," 15.9","  88.0"," ","  48.9"," "," 0.00","G","999.9","000000"
"72565003017","2018-09-24","39.8328","-104.6575","1650.2","DENVER INTERNATIONAL AIRPORT, CO US","  67.1","24","  33.4","24","1005.8","24","829.8","24"," 10.0","24"," 10.9","24"," 31.1","999.9","  78.1","*","  55.0","*"," 0.00","G","999.9","010000"
"72565003017","2018-09-25","39.8328","-104.6575","1650.2","DENVER INTERNATIONAL AIRPORT, CO US","  55.8","24","  34.2","24","1014.8","24","835.5","24"," 10.0","24","  8.4","24"," 25.1"," 32.1","  80.1"," ","  36.0"," "," 0.01","G","999.9","000000"
"72565003017","2018-09-26","39.8328","-104.6575","1650.2","DENVER INTERNATIONAL AIRPORT, CO US","  53.4","24","  25.9","24","1020.9","24","839.1","24","  9.9","24","  6.8","24"," 11.1","999.9","  73.0"," ","  36.0"," "," 0.00","G","999.9","000000"
"72565003017","2018-09-27","39.8328","-104.6575","1650.2","DENVER INTERNATIONAL AIRPORT, CO US","  61.8","24","  21.5","24","1012.9","24","834.0","24"," 10.0","24","  5.8","24"," 11.1","999.9","  80.1"," ","  41.0"," "," 0.00","G","999.9","000000"
"72565003017","2018-09-28","39.8328","-104.6575","1650.2","DENVER INTERNATIONAL AIRPORT, CO US","  50.1","24","  32.6","24","1016.8","22","836.2","24"," 10.0","24"," 10.0","24"," 17.1","999.9","  80.1"," ","  37.0"," "," 0.00","G","999.9","000000"
"72565003017","2018-09-29","39.8328","-104.6575","1650.2","DENVER INTERNATIONAL AIRPORT, CO US","  53.9","24","  30.3","24","1014.2","24","833.1","24"," 10.0","24","  7.5","24"," 15.9"," 22.9","  82.9","*","  37.0","*"," 0.00","G","999.9","000000"
"72565003017","2018-09-30","39.8328","-104.6575","1650.2","DENVER INTERNATIONAL AIRPORT, CO US","  52.7","24","  38.7","24","1014.4","21","834.7","24","  8.7","24","  7.5","24"," 15.0"," 22.0","  81.0","*","  39.9","*"," 0.00","G","999.9","000000"
"72565003017","2018-10-01","39.8328","-104.6575","1650.2","DENVER INTERNATIONAL AIRPORT, CO US","  50.4","24","  43.1","24","1016.3","19","835.0","24","  6.2","24","  4.9","24"," 11.1","999.9","  71.1"," ","  39.9"," "," 0.00","G","999.9","100000"
"72565003017","2018-10-02","39.8328","-104.6575","1650.2","DENVER INTERNATIONAL AIRPORT, CO US","  63.1","24","  44.0","24","1012.3","24","833.7","24"," 10.0","24","  6.1","24"," 14.0"," 19.0","  81.0"," ","  43.0"," "," 0.00","G","999.9","010000"
"72565003017","2018-10-03","39.8328","-104.6575","1650.2","DENVER INTERNATIONAL AIRPORT, CO US","  71.1","24","  42.3","24","1004.3","24","828.5","24"," 10.0","24"," 11.6","24"," 21.0"," 31.1","  86.0"," ","  52.0"," "," 0.00","G","999.9","000000"
"72565003017","2018-10-04","39.8328","-104.6575","1650.2","DENVER INTERNATIONAL AIRPORT, CO US","  56.9","24","  38.3","24","1012.6","24","834.1","24","  9.9","24"," 11.8","24"," 26.0"," 36.9","  86.0"," ","  46.9"," "," 0.00","G","999.9","010000"
"72565003017","2018-10-05","39.8328","-104.6575","1650.2","DENVER INTERNATIONAL AIRPORT, CO US","  55.4","24","  35.3","24","1008.0","24","829.1","24"," 10.0","24","  9.5","24"," 29.9"," 38.1","  75.0"," ","  42.1"," "," 0.00","G","999.9","010000"
"72565003017","2018-10-06","39.8328","-104.6575","1650.2","DENVER INTERNATIONAL AIRPORT, CO US","  44.5","24","  36.5","24","1014.9","17","834.3","24","  9.2","24"," 10.3","24"," 22.9"," 28.9","  59.0","*","  33.1","*"," 0.24","G","999.9","011000"
"72565003017","2018-10-07","39.8328","-104.6575","1650.2","DENVER INTERNATIONAL AIRPORT, CO US","  43.5","24","  37.4","24","1010.4","18","829.3","24","  9.1","24","  7.5","24"," 15.9","999.9","  61.0"," ","  33.1"," "," 0.16","G","999.9","010000"
"72565003017","2018-10-08","39.8328","-104.6575","1650.2","DENVER INTERNATIONAL AIRPORT, CO US","  39.6","24","  38.9","24","1012.8","13","830.4","24","  2.6","24","  9.3","24"," 13.0","999.9","  46.9"," ","  36.0"," "," 0.36","G","999.9","011000"
"72565003017","2018-10-09","39.8328","-104.6575","1650.2","DENVER INTERNATIONAL AIRPORT, CO US","  36.5","24","  35.0","24","1014.5","14","831.1","24","  6.8","24","  7.2","24"," 12.0","999.9","  41.0"," ","  34.0"," "," 0.02","G","999.9","111000"
"72565003017","2018-10-10","39.8328","-104.6575","1650.2","DENVER INTERNATIONAL AIRPORT, CO US","  34.0","24","  30.0","24","1015.1","20","831.0","24","  9.9","24","  6.5","24"," 11.1","999.9","  36.0","*","  30.2","*"," 0.03","G","999.9","000000"
"72565003017","2018-10-11","39.8328","-104.6575","1650.2","DENVER INTERNATIONAL AIRPORT, CO US","  37.5","24","  32.6","24","1016.8","22","833.0","24"," 10.0","24","  6.5","24"," 11.1","999.9","  48.0"," ","  30.9"," "," 0.00","G","999.9","000000"
"72565003017","2018-10-12","39.8328","-104.6575","1650.2","DENVER INTERNATIONAL AIRPORT, CO US","  43.5","24","  32.1","24","1013.9","23","831.6","24","  8.5","24","  5.3","24"," 12.0"," 14.0","  64.0"," ","  32.0"," "," 0.01","G","999.9","000000"
"72565003017","2018-10-13","39.8328","-104.6575","1650.2","DENVER INTERNATIONAL AIRPORT, CO US","  50.8","24","  32.4","24","1006.9","24","827.2","24","  9.9","24","  9.1","24"," 15.9"," 24.1","  64.0"," ","  32.0"," "," 0.00","G","999.9","000000"
"72565003017","2018-10-14","39.8328","-104.6575","1650.2","DENVER INTERNATIONAL AIRPORT, CO US","  28.4","24","  22.9","24","1018.4","10","834.9","24","  5.2","24"," 11.9","24"," 24.1"," 33.0","  57.9","*","  19.4","*"," 0.03","G","999.9","111000"
"72565003017","2018-10-15","39.8328","-104.6575","1650.2","DENVER INTERNATIONAL AIRPORT, CO US","  28.0","24","  14.4","24","1029.8","24","840.9","24"," 10.0","24","  7.1","24"," 11.1","999.9","  48.0"," ","  18.0"," "," 0.08","G","  1.2","000000"
"72565003017","2018-10-16","39.8328","-104.6575","1650.2","DENVER INTERNATIONAL AIRPORT, CO US","  39.9","24","  18.4","24","1028.2","24","842.2","24"," 10.0","24","  7.4","24"," 12.0","999.9","  55.9"," ","  18.0"," "," 0.00","G","999.9","000000"
"72565003017","2018-10-17","39.8328","-104.6575","1650.2","DENVER INTERNATIONAL AIRPORT, CO US","  47.0","24","  29.5","24","1029.1","24","844.7","24"," 10.0","24","  8.4","24"," 22.9"," 27.0","  61.0"," ","  28.9"," "," 0.00","G","999.9","000000"
"72565003017","2018-10-18","39.8328","-104.6575","1650.2","DENVER INTERNATIONAL AIRPORT, CO US","  52.0","24","  32.0","24","1021.4","24","839.3","24"," 10.0","24"," 15.1","24"," 22.9"," 33.0","  69.1"," ","  36.0"," "," 0.00","G","999.9","000000"
"72565003017","2018-10-19","39.8328","-104.6575","1650.2","DENVER INTERNATIONAL AIRPORT, CO US","  54.8","24","  30.5","24","1019.7","24","838.6","24"," 10.0","24","  9.2","24"," 15.0"," 27.0","  69.1"," ","  39.9"," "," 0.00","G","999.9","010000"
"72565003017","2018-10-20","39.8328","-104.6575","1650.2","DENVER INTERNATIONAL AIRPORT, CO US","  51.6","24","  23.4","24","1025.6","24","843.1","24"," 10.0","24","  7.1","24","  9.9"," 15.0","  70.0"," ","  37.9"," "," 0.00","G","999.9","000000"
"72565003017","2018-10-21","39.8328","-104.6575","1650.2","DENVER INTERNATIONAL AIRPORT, CO US","  55.1","24","  22.9","24","1019.3","24","838.2","24"," 10.0","24","  7.6","24"," 14.0","999.9","  73.9"," ","  37.9"," "," 0.00","G","999.9","000000"
"72565003017","2018-10-22","39.8328","-104.6575","1650.2","DENVER INTERNATIONAL AIRPORT, CO US","  57.5","24","  26.6","24","1016.2","24","836.3","24"," 10.0","24","  8.5","24"," 20.0"," 25.1","  73.9"," ","  41.0"," "," 0.00","G","999.9","000000"
"72565003017","2018-10-23","39.8328","-104.6575","1650.2","DENVER INTERNATIONAL AIRPORT, CO US","  54.6","24","  35.5","24","1018.0","24","837.5","24"," 10.0","24","  9.2","24"," 21.0"," 28.0","  73.9"," ","  44.1"," "," 0.00","G","999.9","000000"
"72565003017","2018-10-24","39.8328","-104.6575","1650.2","DENVER INTERNATIONAL AIRPORT, CO US","  53.7","24","  41.6","24","1014.0","24","833.9","24","  9.9","24","  8.2","24"," 19.0"," 28.0","  70.0"," ","  44.1"," "," 0.00","G","999.9","010000"
"72565003017","2018-10-25","39.8328","-104.6575","1650.2","DENVER INTERNATIONAL AIRPORT, CO US","  52.2","24","  32.2","24","1012.4","24","832.1","24"," 10.0","24","  6.7","24"," 12.0"," 20.0","  66.0"," ","  42.1"," "," 0.00","G","999.9","000000"
"72565003017","2018-10-26","39.8328","-104.6575","1650.2","DENVER INTERNATIONAL AIRPORT, CO US","  54.4","24","  26.8","24","1014.1","24","834.1","24"," 10.0","24","  6.3","24","  9.9"," 21.0","  69.1"," ","  37.0"," "," 0.00","G","999.9","000000"
"72565003017","2018-10-27","39.8328","-104.6575","1650.2","DENVER INTERNATIONAL AIRPORT, CO US","  57.9","24","  27.0","24","1013.4","24","833.7","24"," 10.0","24"," 12.5","24"," 24.1"," 34.0","  73.0"," ","  37.0"," "," 0.00","G","999.9","000000"
"72565003017","2018-10-28","39.8328","-104.6575","1650.2","DENVER INTERNATIONAL AIRPORT, CO US","  53.6","24","  32.6","24","1017.6","24","837.0","24"," 10.0","24","  7.7","24"," 14.0"," 22.9","  77.0"," ","  34.0"," "," 0.00","G","999.9","000000"
"72565003017","2018-10-29","39.8328","-104.6575","1650.2","DENVER INTERNATIONAL AIRPORT, CO US","  60.5","24","  21.8","24","1009.3","24","830.9","24"," 10.0","24","  8.0","24"," 12.0","999.9","  79.0"," ","  34.0"," "," 0.00","G","999.9","000000"
"72565003017","2018-10-30","39.8328","-104.6575","1650.2","DENVER INTERNATIONAL AIRPORT, CO US","  44.1","24","  28.6","24","1013.5","23","832.7","24","  9.4","24","  8.0","24"," 26.0"," 42.9","  71.1","*","  33.1","*"," 0.00","G","999.9","011000"
"72565003017","2018-10-31","39.8328","-104.6575","1650.2","DENVER INTERNATIONAL AIRPORT, CO US","  36.5","24","  31.9","24","1019.5","21","835.4","24","  4.2","24","  6.6","24"," 12.0"," 15.9","  46.0"," ","  33.1"," "," 0.22","G","999.9","101000"
"72565003017","2018-11-01","39.8328","-104.6575","1650.2","DENVER INTERNATIONAL AIRPORT, CO US","  40.7","24","  26.5","24","1013.5","24","830.6","24"," 10.0","24","  7.7","24"," 17.1"," 22.9","  55.0"," ","  30.0"," "," 0.00","G","999.9","000000"
"72565003017","2018-11-02","39.8328","-104.6575","1650.2","DENVER INTERNATIONAL AIRPORT, CO US","  45.5","24","  27.7","24","1012.4","24","830.6","24"," 10.0","24"," 10.4","24"," 22.0"," 32.1","  64.9"," ","  28.9"," "," 0.00","G","999.9","000000"
"72565003017","2018-11-03","39.8328","-104.6575","1650.2","DENVER INTERNATIONAL AIRPORT, CO US","  48.0","24","  30.0","24","1008.6","24","828.3","24"," 10.0","24"," 15.1","24"," 28.0"," 42.9","  64.9"," ","  28.9"," "," 0.01","G","999.9","010000"
"72565003017","2018-11-04","39.8328","-104.6575","1650.2","DENVER INTERNATIONAL AIRPORT, CO US","  39.2","24","  27.2","24","1013.4","24","830.7","24","  9.9","24","  8.1","24"," 15.0","999.9","  55.9"," ","  26.1"," "," 0.02","G","999.9","011000"
"72565003017","2018-11-05","39.8328","-104.6575","1650.2","DENVER INTERNATIONAL AIRPORT, CO US","  45.3","24","  25.0","24","1004.4","24","824.2","24"," 10.0","24","  7.7","24"," 21.0"," 28.9","  55.9"," ","  26.1"," "," 0.00","G","999.9","000000"
"72565003017","2018-11-06","39.8328","-104.6575","1650.2","DENVER INTERNATIONAL AIRPORT, CO US","  39.0","24","  17.6","24","1012.2","24","829.7","24"," 10.0","24","  7.9","24"," 24.1"," 32.1","  55.9"," ","  26.1"," "," 0.00","G","999.9","000000"
"72565003017","2018-11-07","39.8328","-104.6575","1650.2","DENVER INTERNATIONAL AIRPORT, CO US","  34.9","24","  23.9","24","1019.2","24","834.8","24"," 10.0","24","  6.5","24"," 13.0"," 20.0","  51.1"," ","  26.1"," "," 0.00","G","999.9","000000"
"72565003017","2018-11-08","39.8328","-104.6575","1650.2","DENVER INTERNATIONAL AIRPORT, CO US","  31.4","24","  26.4","24","1021.6","19","835.6","24","  7.1","24","  6.2","24"," 12.0","999.9","  44.1"," ","  27.0"," "," 0.00","G","999.9","001000"
"72565003017","2018-11-09","39.8328","-104.6575","1650.2","DENVER INTERNATIONAL AIRPORT, CO US","  28.4","24","  15.4","24","1026.4","24","838.9","24"," 10.0","24","  7.9","24"," 15.0","999.9","  48.9"," ","  15.1"," "," 0.00","G","999.9","000000"
"72565003017","2018-11-10","39.8328","-104.6575","1650.2","DENVER INTERNATIONAL AIRPORT, CO US","  40.7","24","   7.2","24","1014.7","24","830.9","24"," 10.0","24","  8.1","24"," 21.0"," 28.9","  57.9"," ","  15.1"," "," 0.00","G","999.9","000000"
"72565003017","2018-11-11","39.8328","-104.6575","1650.2","DENVER INTERNATIONAL AIRPORT, CO US","  30.1","24","  20.1","24","1018.8","15","835.6","24","  5.8","24"," 10.3","24"," 15.9","999.9","  42.1","*","  24.1","*"," 0.00","G","999.9","101000"
"72565003017","2018-11-12","39.8328","-104.6575","1650.2","DENVER INTERNATIONAL AIRPORT, CO US","  21.9","24","  16.8","24","1033.7","17","843.0","24","  6.2","24","  8.2","24"," 13.0","999.9","  34.0"," ","  18.0"," "," 0.19","G","999.9","001000"
"72565003017","2018-11-13","39.8328","-104.6575","1650.2","DENVER INTERNATIONAL AIRPORT, CO US","  27.7","24","  13.0","24","1033.7","24","843.9","24"," 10.0","24","  6.7","24"," 11.1","999.9","  48.0"," ","  10.0"," "," 0.01","G","  1.2","000000"
"72565003017","2018-11-14","39.8328","-104.6575","1650.2","DENVER INTERNATIONAL AIRPORT, CO US","  42.3","24","  21.9","24","1027.3","24","841.9","24"," 10.0","24","  7.9","24"," 14.0","999.9","  62.1","*","  30.9","*"," 0.00","G","  1.2","000000"
"72565003017","2018-11-15","39.8328","-104.6575","1650.2","DENVER INTERNATIONAL AIRPORT, CO US","  47.2","24","  18.9","24","1018.2","24","836.0","24"," 10.0","24","  8.1","24"," 14.0","999.9","  63.0"," ","  33.1"," "," 0.00","G","999.9","000000"
"72565003017","2018-11-16","39.8328","-104.6575","1650.2","DENVER INTERNATIONAL AIRPORT, CO US","  41.5","24","  20.5","24","1015.0","24","832.5","24"," 10.0","24","  8.8","24"," 14.0","999.9","  59.0"," ","  30.9"," "," 0.00","G","999.9","000000"
"72565003017","2018-11-17","39.8328","-104.6575","1650.2","DENVER INTERNATIONAL AIRPORT, CO US","  31.6","24","  25.4","24","1019.7","18","835.8","24","  5.9","24"," 10.5","24"," 18.1","999.9","  52.0","*","  21.0","*"," 0.00","G","999.9","011000"
"72565003017","2018-11-18","39.8328","-104.6575","1650.2","DENVER INTERNATIONAL AIRPORT, CO US","  28.3","24","  20.4","24","1023.9","23","836.3","24","  8.9","24","  4.1","24"," 11.1","999.9","  48.0","*","  19.9","*"," 0.04","G","999.9","001000"
"72565003017","2018-11-19","39.8328","-104.6575","1650.2","DENVER INTERNATIONAL AIRPORT, CO US","  33.8","24","  15.9","24","1020.8","24","835.2","24"," 10.0","24","  7.4","24"," 12.0","999.9","  48.9"," ","  19.0"," "," 0.00","G","999.9","000000"
"72565003017","2018-11-20","39.8328","-104.6575","1650.2","DENVER INTERNATIONAL AIRPORT, CO US","  36.3","24","  17.2","24","1022.8","24","837.2","24"," 10.0","24","  6.9","24"," 11.1","999.9","  57.0","*","  23.0","*"," 0.00","G","999.9","000000"
"72565003017","2018-11-21","39.8328","-104.6575","1650.2","DENVER INTERNATIONAL AIRPORT, CO US","  42.6","24","  14.9","24","1020.1","24","836.4","24"," 10.0","24","  7.9","24"," 12.0","999.9","  61.0","*","  33.1","*"," 0.00","G","999.9","000000"
"72565003017","2018-11-22","39.8328","-104.6575","1650.2","DENVER INTERNATIONAL AIRPORT, CO US","  45.6","24","  10.8","24","1013.3","24","831.5","24"," 10.0","24","  9.1","24"," 15.0","999.9","  60.1","*","  37.0","*"," 0.00","G","999.9","000000"
"72565003017","2018-11-23","39.8328","-104.6575","1650.2","DENVER INTERNATIONAL AIRPORT, CO US","  45.6","24","  18.0","24","1004.7","24","824.9","24"," 10.0","24"," 13.1","24"," 26.0"," 35.9","  61.0"," ","  34.0"," "," 0.00","G","999.9","000000"
"72565003017","2018-11-24","39.8328","-104.6575","1650.2","DENVER INTERNATIONAL AIRPORT, CO US","  39.4","24","  21.3","24","1001.0","23","820.7","24","  9.5","24","  9.4","24"," 28.9"," 36.9","  59.0"," ","  28.9"," "," 0.00","G","999.9","011000"
"72565003017","2018-11-25","39.8328","-104.6575","1650.2","DENVER INTERNATIONAL AIRPORT, CO US","  31.3","24","  18.3","24","1017.3","21","831.4","24","  8.9","24"," 12.3","24"," 40.0"," 54.0","  41.0","*","  21.0","*"," 0.03","G","999.9","101000"
"72565003017","2018-11-26","39.8328","-104.6575","1650.2","DENVER INTERNATIONAL AIRPORT, CO US","  30.2","24","  11.2","24","1023.1","24","836.2","24"," 10.0","24","  7.2","24","  9.9","999.9","  51.1"," ","  17.1"," "," 0.00","G","999.9","000000"
"72565003017","2018-11-27","39.8328","-104.6575","1650.2","DENVER INTERNATIONAL AIRPORT, CO US","  40.9","24","  14.5","24","1015.0","24","831.8","24"," 10.0","24","  6.8","24"," 17.1","999.9","  55.0"," ","  19.9"," "," 0.00","G","999.9","000000"
"72565003017","2018-11-28","39.8328","-104.6575","1650.2","DENVER INTERNATIONAL AIRPORT, CO US","  49.0","24","  19.3","24","1004.7","24","825.1","24"," 10.0","24","  9.9","24"," 17.1"," 40.0","  57.9"," ","  24.1"," "," 0.00","G","999.9","000000"
"72565003017","2018-11-29","39.8328","-104.6575","1650.2","DENVER INTERNATIONAL AIRPORT, CO US","  40.5","24","  27.4","24","1004.9","24","824.3","24"," 10.0","24","  7.3","24"," 13.0","999.9","  57.9"," ","  28.9"," "," 0.00","G","999.9","000000"
"72565003017","2018-11-30","39.8328","-104.6575","1650.2","DENVER INTERNATIONAL AIRPORT, CO US","  31.7","24","  28.1","24","1003.8","17","821.3","24","  6.0","24","  7.8","24"," 13.0"," 17.1","  48.9"," ","  26.1"," "," 0.00","G","999.9","101000"
"72565003017","2018-12-01","39.8328","-104.6575","1650.2","DENVER INTERNATIONAL AIRPORT, CO US","  32.9","24","  25.7","24","1002.0","19","819.6","24","  6.7","24","  7.8","24"," 22.9"," 28.9","  44.1"," ","  19.9"," "," 0.05","G","999.9","101000"
"72565003017","2018-12-02","39.8328","-104.6575","1650.2","DENVER INTERNATIONAL AIRPORT, CO US","  27.6","24","  15.3","24","1009.4","24","825.2","24"," 10.0","24","  6.1","24"," 15.0","999.9","  44.1"," ","  15.1"," "," 0.00","G","  1.2","000000"
"72565003017","2018-12-03","39.8328","-104.6575","1650.2","DENVER INTERNATIONAL AIRPORT, CO US","  27.1","24","  19.8","24","1019.6","23","833.1","24","  9.9","24","  4.4","24"," 11.1","999.9","  37.0"," ","  15.1"," "," 0.00","G","999.9","001000"
"72565003017","2018-12-04","39.8328","-104.6575","1650.2","DENVER INTERNATIONAL AIRPORT, CO US","  26.8","24","  10.6","24","1023.5","23","836.1","24","  9.3","24","  7.0","24"," 19.0"," 25.1","  37.9"," ","  15.1"," "," 0.00","G","999.9","101000"
"72565003017","2018-12-05","39.8328","-104.6575","1650.2","DENVER INTERNATIONAL AIRPORT, CO US","  30.0","24","  -0.2","24","1019.0","24","832.9","24"," 10.0","24","  8.9","24"," 15.0","999.9","  48.9"," ","  14.0"," "," 0.00","G","999.9","000000"
"72565003017","2018-12-06","39.8328","-104.6575","1650.2","DENVER INTERNATIONAL AIRPORT, CO US","  23.1","24","  14.3","24","1023.1","23","835.8","24","  9.8","24","  7.1","24"," 11.1","999.9","  32.0","*","  18.0","*"," 0.00","G","999.9","001000"
"72565003017","2018-12-07","39.8328","-104.6575","1650.2","DENVER INTERNATIONAL AIRPORT, CO US","  26.4","24","  15.8","24","1025.2","24","837.0","24","  9.6","24","  7.3","24"," 13.0","999.9","  43.0"," ","  18.0"," "," 0.00","G","999.9","000000"
"72565003017","2018-12-08","39.8328","-104.6575","1650.2","DENVER INTERNATIONAL AIRPORT, CO US","  29.4","24","  16.1","24","1024.3","24","837.3","24"," 10.0","24","  7.7","24"," 12.0","999.9","  48.9"," ","  18.0"," "," 0.00","G","999.9","000000"
"72565003017","2018-12-09","39.8328","-104.6575","1650.2","DENVER INTERNATIONAL AIRPORT, CO US","  30.5","24","  16.8","24","1027.7","24","840.4","24"," 10.0","24","  5.2","24"," 11.1","999.9","  48.9"," ","  19.0"," "," 0.00","G","999.9","000000"
"72565003017","2018-12-10","39.8328","-104.6575","1650.2","DENVER INTERNATIONAL AIRPORT, CO US","  36.2","24","  -0.4","24","1023.8","24","837.9","24"," 10.0","24","  9.0","24"," 17.1","999.9","  59.0"," ","  16.0"," "," 0.00","G","999.9","000000"
"72565003017","2018-12-11","39.8328","-104.6575","1650.2","DENVER INTERNATIONAL AIRPORT, CO US","  44.3","24","   2.2","24","1013.8","24","831.6","24"," 10.0","24"," 10.3","24"," 22.9"," 33.0","  59.0"," ","  16.0"," "," 0.00","G","999.9","000000"
"72565003017","2018-12-12","39.8328","-104.6575","1650.2","DENVER INTERNATIONAL AIRPORT, CO US","  40.5","24","   5.1","24","1007.4","24","825.8","24"," 10.0","24"," 11.7","24"," 26.0"," 39.0","  59.0"," ","  26.1"," "," 0.00","G","999.9","000000"
"72565003017","2018-12-13","39.8328","-104.6575","1650.2","DENVER INTERNATIONAL AIRPORT, CO US","  33.6","24","  10.6","24","1018.1","24","833.9","24"," 10.0","24"," 13.1","24"," 31.1"," 46.0","  57.0"," ","  21.9"," "," 0.00","G","999.9","000000"
"72565003017","2018-12-14","39.8328","-104.6575","1650.2","DENVER INTERNATIONAL AIRPORT, CO US","  33.2","24","   6.5","24","1025.6","24","838.8","24"," 10.0","24","  9.3","24"," 14.0","999.9","  54.0"," ","  19.0"," "," 0.00","G","999.9","000000"
"72565003017","2018-12-15","39.8328","-104.6575","1650.2","DENVER INTERNATIONAL AIRPORT, CO US","  40.3","24","  12.1","24","1017.7","24","834.0","24"," 10.0","24","  7.2","24"," 14.0","999.9","  55.0"," ","  19.0"," "," 0.00","G","999.9","000000"
"72565003017","2018-12-16","39.8328","-104.6575","1650.2","DENVER INTERNATIONAL AIRPORT, CO US","  40.4","24","  14.3","24","1022.7","24","838.4","24"," 10.0","24","  8.4","24"," 12.0","999.9","  60.1"," ","  25.0"," "," 0.00","G","999.9","000000"
"72565003017","2018-12-17","39.8328","-104.6575","1650.2","DENVER INTERNATIONAL AIRPORT, CO US","  40.0","24","  12.3","24","1019.5","24","835.8","24"," 10.0","24","  8.0","24"," 12.0","999.9","  60.1"," ","  25.0"," "," 0.00","G","999.9","000000"
"72565003017","2018-12-18","39.8328","-104.6575","1650.2","DENVER INTERNATIONAL AIRPORT, CO US","  44.2","24","  14.3","24","1012.8","24","831.0","24"," 10.0","24","  5.3","24"," 13.0","999.9","  59.0"," ","  25.0"," "," 0.00","G","999.9","000000"
"72565003017","2018-12-19","39.8328","-104.6575","1650.2","DENVER INTERNATIONAL AIRPORT, CO US","  42.5","24","  17.7","24","1010.3","24","828.7","24"," 10.0","24"," 13.0","24"," 24.1"," 33.0","  57.0"," ","  25.0"," "," 0.00","G","999.9","000000"
"72565003017","2018-12-20","39.8328","-104.6575","1650.2","DENVER INTERNATIONAL AIRPORT, CO US","  32.9","24","  14.7","24","1021.7","24","836.6","24"," 10.0","24","  7.9","24"," 15.0","999.9","  50.0"," ","  19.0"," "," 0.00","G","999.9","000000"
"72565003017","2018-12-21","39.8328","-104.6575","1650.2","DENVER INTERNATIONAL AIRPORT, CO US","  40.8","24","   8.7","24","1010.0","24","827.1","24"," 10.0","24"," 11.0","24"," 26.0"," 35.0","  63.0"," ","  19.0"," "," 0.00","G","999.9","000000"
"72565003017","2018-12-22","39.8328","-104.6575","1650.2","DENVER INTERNATIONAL AIRPORT, CO US","  34.6","24","  18.5","24","1010.7","24","828.2","24"," 10.0","24","  9.6","24"," 15.9"," 25.1","  63.0"," ","  24.1"," "," 0.00","G","999.9","001000"
"72565003017","2018-12-23","39.8328","-104.6575","1650.2","DENVER INTERNATIONAL AIRPORT, CO US","  28.2","24","   5.9","24","1023.0","24","835.8","24"," 10.0","24","  8.0","24"," 12.0","999.9","  52.0"," ","  10.9"," "," 0.00","G","999.9","000000"
"72565003017","2018-12-24","39.8328","-104.6575","1650.2","DENVER INTERNATIONAL AIRPORT, CO US","  36.4","24","  10.2","24","1015.2","24","831.4","24"," 10.0","24","  4.3","24","  7.0","999.9","  52.0"," ","  10.9"," "," 0.00","G","999.9","000000"
"72565003017","2018-12-25","39.8328","-104.6575","1650.2","DENVER INTERNATIONAL AIRPORT, CO US","  31.8","24","  17.8","24","1015.0","24","830.5","24"," 10.0","24","  7.2","24"," 11.1","999.9","  46.9"," ","  19.9"," "," 0.00","G","999.9","000000"
"72565003017","2018-12-26","39.8328","-104.6575","1650.2","DENVER INTERNATIONAL AIRPORT, CO US","  27.4","24","  18.9","24","1010.4","21","826.0","24","  9.2","24","  7.5","24"," 11.1","999.9","  46.9"," ","  19.0"," "," 0.00","G","999.9","000000"
"72565003017","2018-12-27","39.8328","-104.6575","1650.2","DENVER INTERNATIONAL AIRPORT, CO US","  23.7","24","  13.1","24","1011.1","24","825.5","24","  9.8","24"," 11.8","24"," 18.1"," 28.0","  37.0"," ","  12.9"," "," 0.00","G","999.9","001000"
"72565003017","2018-12-28","39.8328","-104.6575","1650.2","DENVER INTERNATIONAL AIRPORT, CO US","  16.4","24","   6.8","24","1020.9","24","832.1","24","  9.9","24","  7.0","24"," 19.0","999.9","  30.0"," ","  10.0"," "," 0.00","G","999.9","001000"
"72565003017","2018-12-29","39.8328","-104.6575","1650.2","DENVER INTERNATIONAL AIRPORT, CO US","  17.5","24","   4.7","24","1022.4","24","832.8","24","  9.7","24","  5.5","24","  8.0","999.9","  39.0"," ","   5.0"," "," 0.00","G","999.9","001000"
"72565003017","2018-12-30","39.8328","-104.6575","1650.2","DENVER INTERNATIONAL AIRPORT, CO US","  34.8","24","   7.9","24","1008.6","24","824.7","24"," 10.0","24","  9.5","24"," 15.9","999.9","  52.0","*","  21.9","*"," 0.00","G","999.9","000000"
"72565003017","2018-12-31","39.8328","-104.6575","1650.2","DENVER INTERNATIONAL AIRPORT, CO US","  23.4","24","  11.1","24","1006.7","19","824.8","24","  6.9","24"," 11.5","24"," 21.0"," 29.9","  53.1"," ","   7.0"," "," 0.00","G","999.9","001000"
